"0x000000000532b45f47779fce440748893b257865","Fake_Phishing3901","0","25","phish-hack"
"0x0000000009324b6434d7766af41908e4c49ee1d7","Fake_Phishing3857","0","15","phish-hack"
"0x00000000219ab540356cbb839cbe05303d7705fa","Fake_Phishing4503","0","1","phish-hack"
"0x00000000bf02300fd6251627aa3db8933a0eee83","Fake_Phishing3856","0","24","phish-hack"
"0x00000e32e51011e28958d4696627c82c3dacd5a6","Fake_Phishing3541","0","43","phish-hack"
"0x00067010f3ae17aa53e2b4d5142dda35380cf72d","Fake_Phishing2882","0","10","phish-hack"
"0x0020731604c882cf7bf8c444be97d17b19ea4316","Fake_Phishing3977","0.0601","18","phish-hack"
"0x00278018530825863b765dc6cd581c0a8d471ade","Fake_Phishing3875","0","2","phish-hack"
"0x002bf459dc58584d58886169ea0e80f3ca95ffaf","Fake_Phishing1300","0.01","4","phish-hack"
"0x002f0c8119c16d310342d869ca8bf6ace34d9c39","Fake_Phishing1493","0.01","5","phish-hack"
"0x003f12c49df27295fe97d4990b7901e2c855adf5","Fake_Phishing4449","0.00032362","19","phish-hack"
"0x0059b14e35dab1b4eee1e2926c7a5660da66f747","Fake_Phishing371","0.01","127","phish-hack"
"0x005b9f4516f8e640bbe48136901738b323c53b00","Fake_Phishing957","0.01","0","phish-hack"
"0x0061fb5485dff4bb85c078dca80d19119224d97e","Fake_Phishing1689","4.0446465","12","phish-hack"
"0x00650a784ee109797ba8c05f3496bdbf2b2b7a1c","Fake_Phishing2650","0.000007","3","phish-hack"
"0x007a376e488cee20e2b059e683e61af28eea9f63","Fake_Phishing3019","0.00054368","14","phish-hack"
"0x0084515449b037205a33d6d3940a5684126aa4b5","Fake_Phishing2033","0","10","phish-hack"
"0x008f3db10374099a11ec263415cb88c952abeedc","Fake_Phishing87","0","13","phish-hack"
"0x00bbd61f1f46bb2882e59af47b69dd7b501d5317","Fake_Phishing4447","0","3","phish-hack"
"0x00c33c49f9a2a920e3f3787204cbda9012d1912e","Fake_Phishing2820","0","154","phish-hack"
"0x00c5de1fc14428dcbbc247b6d16256c642df8c28","Fake_Phishing721","0","0","phish-hack"
"0x00c8bd3cd1e649a3fd2a89b3edc1c2ab631227a0","Fake_Phishing1813","0","0","phish-hack"
"0x00d07f8c2194f14c8d694680f2b8c0be66d4d5e9","Fake_Phishing2269","0.000683","1","phish-hack"
"0x00D71de39c7bea8b69aE917a3e56C4717ef9d566","Fake_Phishing1658","0","0","phish-hack"
"0x00dbc5d9f5c3cfb4f9f889ad0bf20650a21c6c39","Fake_Phishing3580","7.37155137","4","phish-hack"
"0x00dd74a19a4a7f1613f1bcf49d81944a7974d2a9","Fake_Phishing4294","0.02476322","4","phish-hack"
"0x00de6bb8c4c4072aa4eb8d7e04d76a00d4621428","Fake_Phishing29","0.06629434","14","phish-hack"
"0x00e01a648ff41346cdeb873182383333d2184dd1","Phishing 2","0.24222868","37","phish-hack"
"0x00e8b95224298d3a9d14f4982b56f53275431f57","Fake_Phishing3478","0","3","phish-hack"
"0x00EB6f5199cD0B671da371969B1A0F948e982Fea","Fake_Phishing1039","2.508278","23","phish-hack"
"0x0111a93692b5ccff5c4b006d88d82664f76dfd21","Fake_Phishing3635","0","18","phish-hack"
"0x011da0ab16577cbb73374a5b9b869d66253150e7","Fake_Phishing1164","0","0","phish-hack"
"0x0128282ce73c72decabaeace9358344adff449fe","Fake_Phishing2804","0.01947985","153","phish-hack"
"0x0132946103efffa43337128cf65f0b3531378e87","Fake_Phishing3089","0.00015465","45","phish-hack"
"0x0153775362c3071c1860e8dbfd53ccc82fa226f5","Fake_Phishing673","0","2","phish-hack"
"0x015a8f02b4e55b3c93678e5b44f7205ff9e8ece2","Fake_Phishing3883","427 wei","6","phish-hack"
"0x015c0E438b3a01511B98D928BD031D3Dc50AbB9E","Fake_Phishing1758","0.00251127","20","phish-hack"
"0x015f17e2851ea392351b7f259e4cfd03dc443cef","Fake_Phishing4105","0.00154","1","phish-hack"
"0x015fca1d09287823e634ae51237ee1eeff03d9d5","Fake_Phishing2281","0.00006","4","phish-hack"
"0x0167409e6106ec3e3f05a09fcf04606918d21ad5","Fake_Phishing2427","0","19","phish-hack"
"0x016c0261C48D089Ac26d0a48f840c9A9d5e203dd","Fake_Phishing1558","0","0","phish-hack"
"0x016cf0887fb6e1ec7bbfa2fde621725d2a471a88","Fake_Phishing3363","0.00449508","40","phish-hack"
"0x0177eb92b752fa0715ee0dce1d860eaf739b5cf4","Fake_Phishing2704","0.00099473","16","phish-hack"
"0x0178499f84c76c9b863318703092080f31dfa1ae","Fake_Phishing2922","0","6","phish-hack"
"0x017f86b90a46d8fd999eaefda1339355b98da12f","Fake_Phishing2218","0","2","phish-hack"
"0x018f2f4b3c9e38607aa7ab4dea23e9d663e3e050","Fake_Phishing1147","0","3","phish-hack"
"0x01b4eedf45749b38cb9ad2bae1e98e9fe2ef1d32","Fake_Phishing3160","0.00000538","16","phish-hack"
"0x01F9eC89417814d6a7b0961Edc24Fe1Cde61f208","Fake_Phishing22","0","22","phish-hack"
"0x02058ffc151cfb538df97c9ffbbfd0319570f091","Fake_Phishing3539","0","2","phish-hack"
"0x020b1573f2ca670190d33ca2f0a57b0c0399ad37","Fake_Phishing522","0","44","phish-hack"
"0x021bcdee4d5a997ae0a594e8362fe103f14aff79","Fake_Phishing4050","0.019076","3","phish-hack"
"0x022154d3816a1252ed0e68c98838694bfcd98be8","Fake_Phishing3451","0","5","phish-hack"
"0x022477f348a8b75b35fc8cf055d3b3d8a577f514","Fake_Phishing3507","0","0","phish-hack"
"0x024C344DA7208e60356378a252dAb771c34Be111","Fake_Phishing1207","0","22","phish-hack"
"0x026e78f168df546aabb2733b37920c55b335be80","Fake_Phishing2332","0.00027496","129","phish-hack"
"0x02701809c14ad7062c71628c63d7851bc5f367ce","Fake_Phishing3179","0","20","phish-hack"
"0x0275a8960fcb1235b095cb9f40edcae031eae5fd","Fake_Phishing2426","0","2","phish-hack"
"0x027a46b6cd1e80df60f5cf0f22c3f3fb899b2efd","Fake_Phishing2991","11.44120833","6","phish-hack"
"0x0286f8b63ebcc35c50541013dd9d259574101ebb","Fake_Phishing2484","0","0","phish-hack"
"0x0297772598b604cce74bafea2b863205541934aa","Fake_Phishing4259","0","11","phish-hack"
"0x0297a3211d69a1a268591e1Ff6f570699cCC50CA","Fake_Phishing1377","0","16","phish-hack"
"0x029c42a07652d436533e3cb9b9c69fa188e91981","Fake_Phishing4419","0","66","phish-hack"
"0x02b781439dE5676C0d6Cf16413478be1244990CC","Fake_Phishing291","0","0","phish-hack"
"0x02d0b53ec925f5c5907eb3dd85bededaa4362564","Fake_Phishing1983","0","30","phish-hack"
"0x02d1347abe00beaa073058b1414722cdcc31abb3","Fake_Phishing2259","0","3","phish-hack"
"0x02da54ffdbb67e35d70c6b20fa217349dee28b08","Fake_Phishing4049","0.0040165","1","phish-hack"
"0x02dfa0d5184c41689377d5d47054da210ce941f6","Fake_Phishing2767","0","79","phish-hack"
"0x02ec8d1f360ac651a99aec50c873100ca3563301","Fake_Phishing4052","0.00412399","56","phish-hack"
"0x02f8297193719054c7b951704542c46a427d0530","Fake_Phishing3003","0","0","phish-hack"
"0x02fd82cba3bae39484d5eb7f75b5f3d5f418c691","Fake_Phishing4106","0","146","phish-hack"
"0x030a027cdd6994a712fbb1efd6d36369ec7cca89","Fake_Phishing3011","1.82521194","5","phish-hack"
"0x0310c4385311d225cbcaca26fefc9ab45d3eba3e","Fake_Phishing504","0.001344","9","phish-hack"
"0x031ae3d7e6b22b5400d215e6ca84ba4341e48b24","Fake_Phishing3905","0","4","phish-hack"
"0x031bf1601c970581e3c50631242197de56918cd1","Fake_Phishing3261","0","0","phish-hack"
"0x0324A5f6289e647BAf88d9c96c331Cf964220ce8","Fake_Phishing1190","0.000018","3","phish-hack"
"0x0324d6ca206dd4a807ac9fec93589fdd9e614cdf","Fake_Phishing2204","0.00986026","5","phish-hack"
"0x032fb380d84917d408ea172383cf214c28b4fe21","Fake_Phishing3743","0","3","phish-hack"
"0x0344d3fecda48b181d99a0b7d875d957aa12369c","Fake_Phishing4306","0.04701238","67","phish-hack"
"0x034963994aa22d86f7acb42252b6de7488adb0ea","Fake_Phishing3767","0","0","phish-hack"
"0x0387cfC283fFcF25A4a6A61E832545Bbeb7c8fdA","Fake_Phishing301","0","6","phish-hack"
"0x03b5eeaf92c228f4da2b42468c15339d7873bbe5","Fake_Phishing2330","0","2","phish-hack"
"0x03b70dc31abf9cf6c1cf80bfeeb322e8d3dbb4ca","Browser Extension Hack","0","64","phish-hack"
"0x03b7882e55871ffb6300bd2511a52685d689bec3","Fake_Phishing4247","22.19993233","103","phish-hack"
"0x03bef4bfbb4951c7ea53b7124d8dbf6e33d29bde","Fake_Phishing3567","0","0","phish-hack"
"0x03d18450b2ef96a94b2930e4c36d8a667ce51fc9","Fake_Phishing3144","0","654","phish-hack"
"0x03e115d99f005f9df8accec3f3d07f54b593ee96","Fake_Phishing1683","0.00297","2","phish-hack"
"0x03e27c1917672800d5fdceb96e1ec3fe672c2859","Fake_Phishing4371","0","22","phish-hack"
"0x03f034fb47965123ea4148e3147e2cfdc5b1f7a5","Fake_Phishing2284","0.00179703","54","phish-hack"
"0x0400f72bca103add12c6793d6194d041983e150a","Fake_Phishing2555","0","0","phish-hack"
"0x043375ebc36fff7a4fcef1359f3c89afddf56e08","Fake_Phishing1172","0.00357909","28","phish-hack"
"0x0441C33cd5F806116c6dE528709368c6C7183cD9","Fake_Phishing1748","0","2","phish-hack"
"0x0468d25b02ad1fd1790ae3554b967241bc970d85","Fake_Phishing3016","0","0","phish-hack"
"0x046e3a705d9bcd0e53d2b45161b48e39f4bc4090","Fake_Phishing2035","0.00209662","3","phish-hack"
"0x04727c2bb15f2b83e7d3ce88b008aa68dccea0c4","Fake_Phishing642","0.000417","2","phish-hack"
"0x049b01966f721db6ec76097043e9d6eccaf719b6","Fake_Phishing696","0.00143946","25","phish-hack"
"0x04a3d37cae5fe8acfcaf6d5eb66369d639ff027e","Fake_Phishing1044","2.56791398","4","phish-hack"
"0x04a96f1b6f661793787b527f3114f33d7e413b4d","Fake_Phishing2092","0","0","phish-hack"
"0x04fa71a476fb5e38a7c613532dd0ba2bf0ea39a6","Fake_Phishing2110","0","0","phish-hack"
"0x050022eba4d55d242d9568794961df5596f968f2","Fake_Phishing4525","0","197","phish-hack"
"0x051005cDCecd916FB8b98643d923646Acc7e07cd","Fake_Phishing1727","0","33","phish-hack"
"0x051a4a9b07c393f735a84aa9b97b1ea65bbbee18","Fake_Phishing3038","0","53","phish-hack"
"0x052Ee5470868D14b158abb10DfcC76eD1cD1293d","Fake_Phishing624","0","69","phish-hack"
"0x052f585fa599bfb4bed290ff30c057627ccd8059","Fake_Phishing65","0.02274","3","phish-hack"
"0x054aa7a66dcdf5fd76a3914fb5e02650c1afa65b","Fake_Phishing2075","0","0","phish-hack"
"0x05605a807f4444f8c2fdbc44f51717ab6c055cd2","Fake_Phishing4542","0","38","phish-hack"
"0x057F2f1426881b55c5FB107ff21282EA92fD59d6","Fake_Phishing1470","0","0","phish-hack"
"0x058e49378461c239dae065114cd9fa1c0dbc25c1","Fake_Phishing2333","0","53","phish-hack"
"0x0591a42188996397fc7cd6db729045146c37696c","Fake_Phishing1870","0.00562956","185","phish-hack"
"0x059615ea15f7f0e2a276103127bbace30223d294","Fake_Phishing1880","0","6","phish-hack"
"0x0596e5e05fd430f7d83b38b23e250bfa98900d7f","Fake_Phishing2471","0.000105","7","phish-hack"
"0x05a6d48421e84a791c040cda72bb4320bde7e2e9","Fake_Phishing3070","0","33","phish-hack"
"0x05ae6dd50b5a71366fde5eb538a9d41eb3523922","Fake_Phishing3253","0.00005828","21","phish-hack"
"0x05C4F9B25B873671F041B646B0b28eAF90122805","Fake_Phishing1615","0","0","phish-hack"
"0x05dd62c007cde143b402fa5da3937c40c70b4b14","Fake_Phishing153","0","111","phish-hack"
"0x05e18136F048d648eE73Dd5D269d590Ff2873C33","Fake_Phishing964","0","16","phish-hack"
"0x05e3208b1f05d1ad6feec6245f226645a43451f4","Fake_Phishing2510","0","0","phish-hack"
"0x05e7e06774ffeade0e77a7a58e8a16738f30a2c3","Fake_Phishing3642","0.00158846","3","phish-hack"
"0x05e85d73eaf6fef228294fdf867abba98552a99f","Fake_Phishing1266","0.02396392","7","phish-hack"
"0x05f71263372AC109Cd13Faa86d13a0e5830FCEDc","Fake_Phishing1697","0","2","phish-hack"
"0x05f795e90de1350a2eca301e673d56a5f9e02970","Fake_Phishing3236","0.00233615","68","phish-hack"
"0x05fBf1E3f105df6a4553f3C7f2ed93070A4BAB46","Fake_Phishing976","0.00923594","108","phish-hack"
"0x06091b32533835265bfa6ef8b32b04747ba77bb2","Fake_Phishing1410","0.00167615","20","phish-hack"
"0x06105bf02b36dd91bc12c9ac2f1c8858cf3acc26","Fake_Phishing3794","0.00013653","12","phish-hack"
"0x061bf8eb985f02a5d267addca60e692533d7779c","Fake_Phishing3874","0","13","phish-hack"
"0x0621871f8636ab81abd3ba6d06d807b330c35ff3","Fake_Phishing3941","0","0","phish-hack"
"0x062263af47ffa76f1b4b5c3aa0ef2b62ade436ea","Fake_Phishing820","0.03838456","166","phish-hack"
"0x0642e5db00442400868546d5f8e21581dfe4f072","Fake_Phishing2641","0","0","phish-hack"
"0x0669398307efefb60030ff328a0cb6a3a840182c","Fake_Phishing3992","0","43","phish-hack"
"0x068d4b395064c94883b508fa2eb75b9dd08b5e4d","Fake_Phishing3291","0.02730439","68","phish-hack"
"0x069757a3dfd227e39493890e83de11598bfc7f85","Fake_Phishing3979","0","0","phish-hack"
"0x0697df7dc18a02b7357b742363f23af5994cb6ea","Fake_Phishing2353","0.005289","3","phish-hack"
"0x0697f9d4db21472b3461aa07be39b16cd5b56eca","Fake_Phishing842","0","38","phish-hack"
"0x0699b6fef115d0f684d9d96964876183f11b231a","Fake_Phishing3018","0.00012003","62","phish-hack"
"0x06ad9bacc335d658550c3be1fd1a2972f0ed6efd","Fake_Phishing3817","0","8","phish-hack"
"0x06d0bab6af8fcb162f044a0fe5eb56dad29735d6","Fake_Phishing3785","0","8","phish-hack"
"0x06d782793e8b14c7b02bab9b139d8e296995f292","Fake_Phishing3931","0","5","phish-hack"
"0x06dd7ed96a510628405688a2306c33f10583f152","Fake_Phishing2954","0","116","phish-hack"
"0x0701793adc79cc1e5327bee2f30bdf59f8cbd9b0","Fake_Phishing4053","0","30","phish-hack"
"0x071cf579507DD0661845694F709E68CF7Ea506a4","Fake_Phishing202","0","0","phish-hack"
"0x07315f6ddf3348c6d5f561ca6cb7451f103075aa","Fake_Phishing4000","0","3","phish-hack"
"0x073671a608032b2d6f8b2a0f4924da8216339a12","Fake_Phishing2670","0","2","phish-hack"
"0x074f95064a579de2287b21b6ed33033c18cb80ef","Fake_Phishing1487","0","0","phish-hack"
"0x075367f23ff0b1c2bb3244ba26e8ec7466678c36","Fake_Phishing3077","0","0","phish-hack"
"0x0755e59d505c9b473aec50b476df3ea2045739aa","Fake_Phishing571","0","6","phish-hack"
"0x075dc757633700b257e090d62b62aac5997a99d4","Fake_Phishing2573","0.00058","2","phish-hack"
"0x0777d6e570812727b8E46E834f5376E2b0Be00d0","Fake_Phishing71","0","0","phish-hack"
"0x077ab20cd24146ddcd6fe7b805ae007f29e4d842","Fake_Phishing2135","0","0","phish-hack"
"0x07840bd8212039fe9d108dca7e5af53b5a8c10e2","Fake_Phishing3813","0","17","phish-hack"
"0x078c2b3b09528fd7b80c9ee715f378d382f9139b","Fake_Phishing662","0","11","phish-hack"
"0x07920356975798037f26a934db461c7aafc8aa05","Fake_Phishing2030","0","15","phish-hack"
"0x07b1105157c99f4ee9e6033abd7d9f8251873094","Fake_Phishing3802","0.000105","1","phish-hack"
"0x07cfB04588154b06E3958b5d70408244102014D5","Fake_Phishing1232","0","15","phish-hack"
"0x07f101dec7fbee347a0f81a1c4ca724c53d491a4","Fake_Phishing740","0","0","phish-hack"
"0x07f8428993e0d16f914040b4ac478fa82826a796","Fake_Phishing4304","0.009601","9","phish-hack"
"0x0815461a9601682d901f087643a2a3a76588700e","Fake_Phishing3360","0","6","phish-hack"
"0x081a48fcfb87ddc415c31ddae1eb3ba5d5696cdb","Fake_Phishing2236","0","1","phish-hack"
"0x0820142415bd66c94398fb296268646738b18ce7","Fake_Phishing3844","0.04316757","6","phish-hack"
"0x0825acc7a8cda73a3630cde5368c5c86891dd48c","Fake_Phishing2617","0","0","phish-hack"
"0x082ff353997ae68b88d33dd45e860c98378f8880","Fake_Phishing732","0","0","phish-hack"
"0x083cdb896fef79b2034579bf8f7bf2b2e723a736","Fake_Phishing4486","0","64","phish-hack"
"0x084233ce80e122ebe70ceb5cc1e3ff5a54a5b935","Fake_Phishing979","0","15","phish-hack"
"0x0844ad5bd729f536f1aee085940eea6fb764e000","Fake_Phishing2634","0","20","phish-hack"
"0x085f9b53aCBff0E4683463FEf1A583d299bd4e25","Fake_Phishing946","0","19","phish-hack"
"0x0875c0774494a3cd9a2510f19fc5f2d5bc05b8a8","Fake_Phishing3575","0","0","phish-hack"
"0x08986f5cecd3cb8882e4a34a16961e3124377291","Fake_Phishing1166","0","3","phish-hack"
"0x08a14bd2e2993809583fc20ce528f1c835ea29e0","Fake_Phishing2517","0","0","phish-hack"
"0x08afea4ec3659a2e478f81fef2b784176a0b7d2f","Fake_Phishing2318","0","4","phish-hack"
"0x08b8126824b9c469e4ddaec3ed725c737579f02e","Fake_Phishing1458","0","13","phish-hack"
"0x08cf4bb69ec988614b43617dcb1ef0933c5c7441","Fake_Phishing1964","0","0","phish-hack"
"0x08D94BecCA7894A384f41396F435F8bA887A6d71","Fake_Phishing197","0","0","phish-hack"
"0x0913e0169f5129185c3934920d3cf6e5f56bd3be","Fake_Phishing4367","0","73","phish-hack"
"0x091b4cfc5f5d4fbc6d4ed90e7aa81dd9f361a42b","Fake_Phishing2689","0.0347215","4","phish-hack"
"0x0929afccd8aef2fabac1c7e96bfdbf5cb84689ee","Fake_Phishing2355","0","8","phish-hack"
"0x092a334ea43c0512560f6acf301fa97805cab392","Fake_Phishing637","0","0","phish-hack"
"0x09430a9fb46a1a3b83980768c4cedf654d8eefa3","Fake_Phishing1093","0","0","phish-hack"
"0x09637e9263d7492230c2e866c5e0def90e67c2ef","Fake_Phishing3378","0.0055108","17","phish-hack"
"0x0967c50bfec4dba06e28e8fdbcfd15a23474fab4","Fake_Phishing1174","0.00950897","14","phish-hack"
"0x096c13f383a32253e238bc148307753d14868235","Fake_Phishing2155","0","2","phish-hack"
"0x096c39ab4fa36ca74a36fe1f4767ff487762f0aa","Fake_Phishing1316","0","32","phish-hack"
"0x09710c915edbce7ef5382214094b562314c5c626","Fake_Phishing4474","0.03000021","15","phish-hack"
"0x0971be0b5ac80af27501cbe2936db48e6c2c118e","Fake_Phishing3691","0","3","phish-hack"
"0x097dc7810d2cac2027dd311b9dcd2cd22cbc7770","Fake_Phishing2187","0","4","phish-hack"
"0x09909c850f0e3019a645e0530aa37798dba59eb1","Fake_Phishing2263","0","0","phish-hack"
"0x099218972a0F693151B54D09617f5B25eCdd187b","Fake_Phishing829","0","34","phish-hack"
"0x09ac4b425ef1ebeadfe4999d9f99e89c99b5937b","Fake_Phishing4421","0.00272722","5","phish-hack"
"0x09c6a4e5b51e9cf8b863c0ef1e2547bd91aaf4e5","Fake_Phishing2933","0","0","phish-hack"
"0x09c7206a4365937f1d79e841ab258017ead1a3e9","Fake_Phishing3255","0","15","phish-hack"
"0x09cd1a219ee6ec3d3ac428fdf2dedec27c900132","Fake_Phishing4495","0.0009","5","phish-hack"
"0x09d3e5ed074fa999e5dbd908024906546828da48","Fake_Phishing2927","0","6","phish-hack"
"0x09dab87809149b6bd4d6c890903dabaac2cdd824","Fake_Phishing3295","0","2","phish-hack"
"0x09e5D03AE284f20AeC77A541C1FB274ec1422469","Fake_Phishing1784","0","0","phish-hack"
"0x09f8b64a3992ab516fc34de1157d2b4a39d45301","Fake_Phishing2271","23.01115382","7","phish-hack"
"0x09faf25e57abd0a401bb5a2341d7f926c389f8d1","Fake_Phishing283","0","0","phish-hack"
"0x0a0ba956038d4a66002d612648332b9c4ab7646c","Fake_Phishing1868","0","6","phish-hack"
"0x0a0d6500a7365fbd500f06811abef4de95c7a9a5","Fake_Phishing2224","0","0","phish-hack"
"0x0a104b095bc84815b27d93b232c6863759b79043","Fake_Phishing2161","0","2","phish-hack"
"0x0a10c493bc6f7faecca5be1e82d7fd7fb3774049","Fake_Phishing1394","0","30","phish-hack"
"0x0a2020dae40fe0ebe1ad79c9fc692455c962d43d","Fake_Phishing3990","0","0","phish-hack"
"0x0a3afd85b3b4dbab37906030287de6fc70a83b92","Fake_Phishing2677","0","9","phish-hack"
"0x0A4392f623FAF54De72CBf6f567e1A7808251Cd3","Fake_Phishing756","0","6","phish-hack"
"0x0a4a2413d7c604647c7788fd3564b3c54fe06763","Fake_Phishing1932","0.027","35","phish-hack"
"0x0a5650aba6473c48898f3d9366b52c21a4eec37b","Fake_Phishing35","0","110","phish-hack"
"0x0a72dc6925181e2c0ff2c26a32fb6f3a7e6c9bdb","Fake_Phishing1997","0","0","phish-hack"
"0x0A78fa6Dab70385dD46fbDD20DA5d868EB43F904","Fake_Phishing304","0","4","phish-hack"
"0x0a796062214cf4fc232dd8538a19035ac79a595c","Fake_Phishing1430","0.00490781","83","phish-hack"
"0x0a7dde263eb93f69acd1671a223c5c93faa73701","Fake_Phishing2082","0.004977","5","phish-hack"
"0x0a888f0f0b772e17a2adfd62d3f15cec72c8d42f","Fake_Phishing1084","0","19","phish-hack"
"0x0a99bda2b26c7a31f567e8de8d4acb5e40cf0a1e","Fake_Phishing4363","0","0","phish-hack"
"0x0a9f58ee19a7131ed031ea66a032c05c7efe965a","Fake_Phishing574","0","57","phish-hack"
"0x0ab4fc631d194bb135dc7a3f99580cf7df3eeae0","Fake_Phishing2500","0","0","phish-hack"
"0x0ad24a61a0371d1dfe47c3b74169aaa5807efb31","Fake_Phishing2569","0","10","phish-hack"
"0x0ae775637e63Fa95855246Fd82e96802D05883Fc","Fake_Phishing225","0","158","phish-hack"
"0x0aeffd862a9cfa827574e2e5e50cda07685c9260","Fake_Phishing4376","0","156","phish-hack"
"0x0AF16719353EddC122eAf834638406c499197860","Fake_Phishing409","0","3","phish-hack"
"0x0AFC3711b354136A569edeeea3C6A51e1725013E","Fake_Phishing1778","0","37","phish-hack"
"0x0b001279e3324f22c57c88fdbdefe71ba183fbb0","Fake_Phishing3712","0","3","phish-hack"
"0x0b296edb9e41f48c68b26f7500a6e9f46c1a0d39","Fake_Phishing4417","0","12","phish-hack"
"0x0b458f0ddd983c7efa79a61a1ff806bb11f1d912","Fake_Phishing4184","0.06189486","67","phish-hack"
"0x0b591a58137f154f59aea1284166d6a7b49821fd","Fake_Phishing434","0","3","phish-hack"
"0x0b70f396d0626c9d8008d68c8d9c98e77ddb8262","Fake_Phishing2501","0.00914574","2","phish-hack"
"0x0b7259cd8d10836ef3f50e3e88cb74bd7310a458","Fake_Phishing3296","0","0","phish-hack"
"0x0b72eb78dd1ae56fe2a7cd53f1bea9f44f7b4211","Fake_Phishing2746","0.09958","2","phish-hack"
"0x0b7f284d74f549731499c44aed2a10adcc9e9cc0","Fake_Phishing512","0","59","phish-hack"
"0x0baae096780efa9bb19a1830790ba352049d19e4","Fake_Phishing2908","1.2184134","2","phish-hack"
"0x0bb4251b8c5e8acb27d6809d77a10aa1cacc5144","Fake_Phishing3975","0","0","phish-hack"
"0x0bb8dc8dfbdfba65bcbea3e5dfda67bf7331bf19","Fake_Phishing2337","0.00462433","37","phish-hack"
"0x0bf4a182b52ef3ac75241377d12e11cd9e870575","Fake_Phishing4462","0.07047998","7","phish-hack"
"0x0c175e0750075c88da218a9ab969fa65f4dc4eb5","Fake_Phishing3134","0","192","phish-hack"
"0x0c2cb2d98f9f5ed558d9560d0e38e47187b2bfe1","Fake_Phishing1911","0","3","phish-hack"
"0x0c3125b6a0f973249918dc398379553bf4defc04","Fake_Phishing3664","0","62","phish-hack"
"0x0C3221d64b8Ad5268c2B8d4C7F36679832fD3828","Fake_Phishing558","0.00171379","34","phish-hack"
"0x0C4762Bc7B1Af1DC9448A827f53861c118B712dE","Fake_Phishing1062","0.509139","15","phish-hack"
"0x0c50f72cf786e0e9e0893fbb95d7c929ac08fcce","Fake_Phishing3084","0","3","phish-hack"
"0x0c5c5eb4c5601ea92bbc1cbb664c1e98f42d98e6","Fake_Phishing3700","0.01237647","10","phish-hack"
"0x0c626d05fb5805362f2fbd5f4291211b691f129b","Fake_Phishing4108","0.00003","22","phish-hack"
"0x0c6a415effaa3a2310c0db718090f4c5fd633982","Fake_Phishing902","0","14","phish-hack"
"0x0c7bdabe793f84a8f8fcba6a84eddd7b250b6481","Fake_Phishing3925","0","0","phish-hack"
"0x0c8b0b3e963becf16cda410fe1eb4b5d64022c94","Fake_Phishing501","0","0","phish-hack"
"0x0c8b740e3377f2be7a108aeba6a2f660588c728d","Fake_Phishing1165","0","85","phish-hack"
"0x0c91ba2e9d7984015d72249345a0cefb8328a930","Fake_Phishing1743","0","8","phish-hack"
"0x0c9d1b3ca852c67bbeabeeb51e9482a845d56868","FAKE: FundYourselfNow","0","7","phish-hack"
"0x0ca54e0bd5f0870ec9ff7ef2c80d94ad3c5c5bc7","Fake_Phishing4440","0","2","phish-hack"
"0x0cb5345c2c7f02569d07951cbf244c80306c2e99","Fake_Phishing2105","0","0","phish-hack"
"0x0cbc569253e2419856e4a777cf406d35444d8e50","Fake_Phishing2032","0","2","phish-hack"
"0x0cbff6c0365083f20c9de72084be7fb11278aa86","Fake_Phishing2393","0","12","phish-hack"
"0x0cc4682b1465bd3bf3b9b13dbd310a1f37c7500d","Fake_Phishing4188","0","5","phish-hack"
"0x0cd4ea9b68ced287fc25923b071c0b1a0a14e9c6","Fake_Phishing2172","0","17","phish-hack"
"0x0ce2eaf01543132b88e5e8156fcad978994a9cf6","Fake_Phishing3763","0","0","phish-hack"
"0x0cfdc4a2c05b1ff5fce36d1c1982d8666d7a9813","Fake_Phishing1584","0","22","phish-hack"
"0x0d202934db48341adfe26812a1d8731383b065b3","Fake_Phishing862","0","14","phish-hack"
"0x0d2986972b4446c6cee3326e4ad8f927cc03b91c","Fake_Phishing4535","0","0","phish-hack"
"0x0d3832c74ed42b084806bf23fccbf3193cc596af","Fake_Phishing2212","0","0","phish-hack"
"0x0d3c6F157fc40eDe8Fc2E80a2d03b961853cC243","Fake_Phishing208","0","0","phish-hack"
"0x0d45cf809d00d0551c321b71fd221ef67468f223","Fake_Phishing4182","0.09713367","2","phish-hack"
"0x0d4789f3c37fd0f11c031c4a59c71aa68142223a","Fake_Phishing1753","0","0","phish-hack"
"0x0d4ba8d3f724716aa923e5cd85a86a6cf2f444a5","Fake_Phishing3079","0.00069185","4","phish-hack"
"0x0d4ef858c7f4e60021b42124160f2426e1597dc3","Fake_Phishing3411","0","0","phish-hack"
"0x0d4f74c538613ed6e6c8c1bc8896ecfd45f5ef23","Fake_Phishing823","0","210","phish-hack"
"0x0d5386f63dc1dbb8983b9b8929c4bc75e27f5688","Fake_Phishing2620","0","2","phish-hack"
"0x0d5d6005fca3d29a3c494863fecc6b0359786e30","Fake_Phishing3581","0.00021795","10","phish-hack"
"0x0d674da80c37b4bbf2e9080aa6980defb78dfa2c","Fake_Phishing514","0","0","phish-hack"
"0x0d6e198892a124fde9956d581b193832e3a8f583","Fake_Phishing4209","0.14344666","23","phish-hack"
"0x0d795FFd1e703fA08EE82713e7Ba8aed26a93ccb","Fake_Phishing601","0.000037","2","phish-hack"
"0x0d9786138578fcdcce04435592545ef08422d755","Fake_Phishing484","0","41","phish-hack"
"0x0d9a72db955e98089026e4d639f9ea3bb5827a26","Fake_Phishing4375","0","0","phish-hack"
"0x0d9dacef694563ee0888e2751bf2349ac1b6270e","Fake_Phishing2518","0.00093757","12","phish-hack"
"0x0Da4eB121142879Db7cB4bCA6693c94154D07339","Fake_Phishing805","0","29","phish-hack"
"0x0dadCEfc4F08007D1e51A25cd448Ef86120DB9B4","Fake_Phishing1434","0","15","phish-hack"
"0x0db49185AaE1f8F4b95EBD5323C1fa3822d4FDe8","Fake_Phishing1468","39.64142832","17","phish-hack"
"0x0dcfe28d5ff99290dad01b592bd46e1de8c5bbf0","Fake_Phishing2966","0.00043556","7","phish-hack"
"0x0dea8a35f4e39cdf65d3cc11f10612e9e0278b60","Fake_Phishing575","0.000559","104","phish-hack"
"0x0e04298d9eaffaf538fe04b4cd525b6d1b64c3ca","Fake_Phishing770","0","0","phish-hack"
"0x0e0ba79cb92e07555ef7a3fe9e18ba33dd0b6d29","Fake_Phishing841","18.23034689","9","phish-hack"
"0x0e2fa227599b1701ceeecfbf0c92d8d23b2f493e","Fake_Phishing1391","0","0","phish-hack"
"0x0e34ddd9e27b21c1ed612cc365c42bcd6a7a33b0","Fake_Phishing3469","0","0","phish-hack"
"0x0e42f55da7ade5673130e23232cec6094d34087c","Fake_Phishing1411","0","2","phish-hack"
"0x0e50fac3b2eaee7ba87b6d644b6c03e946b19f8d","Fake_Phishing1915","0","4","phish-hack"
"0x0e783fdcfd5f3f1afbb11062315456bd16fee122","Fake_Phishing1629","0","9","phish-hack"
"0x0e8f16e39234a164d75d18858b9a90dd52aaf361","Fake_Phishing3730","0","42","phish-hack"
"0x0e98ca737c5c4cdad4cb7f390f882108020f237a","Fake_Phishing3092","0","35","phish-hack"
"0x0e9e90eD10c6F1714bF87307D95b604288C5D4C5","Fake_Phishing1546","0","0","phish-hack"
"0x0ea1027340cc90eadabe0b5a5fa42ca609001f12","Fake_Phishing515","0.04404434","4","phish-hack"
"0x0ea9bc850f78aaede66d473f0a8717050db26ac8","Fake_Phishing2842","0","14","phish-hack"
"0x0eab14a501a8125387b0c1e2bd13a217cee45eba","Fake_Phishing2250","0.004139","5","phish-hack"
"0x0eb1e76f51517c0c04a6994e41c10b3d81794d04","Fake_Phishing3004","1.81379413","7","phish-hack"
"0x0eb3c94e03dbfc2b7cf50dcfa0173bc53e1d4185","Fake_Phishing3024","0.00055059","5","phish-hack"
"0x0eC0e48673E4901c3a28AdE2540420f68996E79E","Fake_Phishing926","0.00477789","8","phish-hack"
"0x0ed78cca6cdfa68e08b85c463f29dd8741ff06ad","Fake_Phishing2253","0.00259652","5","phish-hack"
"0x0EdF3c76F7Ea5b673b9D25684baA6Daa892cC763","Fake_Phishing406","0","37","phish-hack"
"0x0eea73bc675d3012d3d602bd03cbf51a4b64eaee","Fake_Phishing2419","0","0","phish-hack"
"0x0eee28fc966585b5848f9d65980cb1621f9b3f8a","Fake_Phishing738","0","0","phish-hack"
"0x0ef2724a6d8be9f72f3d35b62e1e8a37ceaf721e","Fake_Phishing503","0","19","phish-hack"
"0x0ef3be76a9f61c8ca88766614bf36e30d3105be4","Fake_Phishing3213","0.00151753","4","phish-hack"
"0x0f11fa4142a73e2a1583f0073ab942ceb73456d8","Fake_Phishing4113","0","0","phish-hack"
"0x0f23430d929f24b86cb3bf375b94d96361d0420a","Fake_Phishing2243","0.00007371","25","phish-hack"
"0x0f38DAeCb3FB7b87A8d3ED168822c1bC53e8202C","Fake_Phishing356","0","35","phish-hack"
"0x0f4cf489c65f5001843c525e1f374768dcad9b99","Fake_Phishing1005","0","38","phish-hack"
"0x0f556c5ac270aba556f61c6a329d74213d36b089","Fake_Phishing2696","0.0002291","9","phish-hack"
"0x0f65ed6419a54ea5c55d871af77aef0086287dd4","Fake_Phishing4131","0","89","phish-hack"
"0x0f746e54ee888e9953ada918d4ba02ac696b1147","Fake_Phishing3954","0.02041462","13","phish-hack"
"0x0f85f56b4b89d66e18656337f0e7c98499348302","Fake_Phishing3486","0","0","phish-hack"
"0x0f89b38968065a571eeaf34dd6bf2093fb55c20f","Fake_Phishing1946","0.00438606","51","phish-hack"
"0x0fa23b1b4dd646a3a55fb5e4c5eeab24d42edab0","Fake_Phishing2950","0.0390388","2","phish-hack"
"0x0fa3202e9f247f9349352c4296d2bbd6c7fa11b4","Fake_Phishing1978","1.76094314","301","phish-hack"
"0x0fbdbb563b1e951129d25b8cb13bd11219294865","Fake_Phishing4249","0.010998","540","phish-hack"
"0x0fe32c4a5d10c8144207667aca2b2232acd8b509","Fake_Phishing2485","0","0","phish-hack"
"0x0fe39ddb5875d72f190bb24e2b1bdba711de7fc9","Fake_Phishing3574","0","5","phish-hack"
"0x0fe956d44a30d4f02128983897f1ed1fbc6e8233","Fake_Phishing3356","0.00049489","12","phish-hack"
"0x0ff1ead12712626dbbff3eec2e5d819bdd25f8e1","Fake_Phishing3306","0","5","phish-hack"
"0x1006f68abfe6ebd96d7a4f74f811713a6e52f3ea","Fake_Phishing1656","0","6","phish-hack"
"0x102f896c62091686baaec194ef42caa1193d03f8","Fake_Phishing4339","0","2","phish-hack"
"0x1032d236da2bfc0c0bdeb59a36242b459e0a6f66","Fake_Phishing2756","0","4","phish-hack"
"0x1038945a8acf315ffc97d54d3b4b72f3ed2fe2bb","Fake_Phishing4102","0","20","phish-hack"
"0x1056d8d9ebb0e0d8710a0e2a1852d4a09d56464a","Fake_Phishing1186","0.009139","4","phish-hack"
"0x1058affcf5cd061abcab30dd1bfef82727f9e96f","Fake_Phishing2859","0.00000606","14","phish-hack"
"0x105AbF29825BcD9dc66998446d502e75257b16f9","Fake_Phishing925","0","0","phish-hack"
"0x1071c1e161a70afe8f4d60635df7bda3edcc75fc","Fake_Phishing3102","0","15","phish-hack"
"0x1086feeb031e45e8fcd770662aa8302d7c23ba1f","Fake_Phishing61","0.08671383","314","phish-hack"
"0x1095775428aab47a4f922503d69cc8ec889995c6","Fake_Phishing143","0.002874","5","phish-hack"
"0x10aed5faf0a98c168cce8aa285ed11aa3ec163ad","Fake_Phishing1788","0","8","phish-hack"
"0x10b6ba730c590d48f9e736896589d783da25b545","Fake_Phishing1990","0","16","phish-hack"
"0x10c28135faed202d16b847ba16b125dce243da39","Fake_Phishing4055","0","48","phish-hack"
"0x10c44ab858b90e09c725158906f71833ff417acc","Fake_Phishing1095","0","5","phish-hack"
"0x10cc64100b4e9372824663524b7c82f367e3badb","Fake_Phishing754","0.00574635","2","phish-hack"
"0x10e823fe66c152b669e33ddc865c5f7d985db9a9","Fake_Phishing196","0","2","phish-hack"
"0x10E934603c1Dd921123E20B0D8dcFE831A47Fe87","Fake_Phishing70","0","9","phish-hack"
"0x110d246eace2bb15a065db0d351b352dfc048b85","Fake_Phishing136","0","3","phish-hack"
"0x11111111e9a229f3c77b564e78799447bc5c40d4","Fake_Phishing4056","0","9","phish-hack"
"0x11343194b9ba84c8e5629ffec4f604f410ed28fc","Fake_Phishing4132","0","43","phish-hack"
"0x1135a2f00edde3e66735ca31dcd4ca817348cb24","Fake_Phishing3755","0","0","phish-hack"
"0x1141e2d12a4d1644ed53bed922f15d13736c1f02","Fake_Phishing3866","0","7","phish-hack"
"0x114701b81305ed1f67dbdd33e077b56c0a06171a","Fake_Phishing2774","2.15365378","2","phish-hack"
"0x11608c87d514d55e28eb94984bdbacd3fd38b182","Fake_Phishing1480","0","8","phish-hack"
"0x1161acf9a61b8cd951f5364e897c586883a1fe76","Fake_Phishing907","0","8","phish-hack"
"0x1164b5b85af48f92f35a7b3043300a91ae8d0b48","Fake_Phishing2125","0.003278","6","phish-hack"
"0x1169fad5ee177a516e2c7eeebcfab740f5bfd067","Fake_Phishing2893","0.00283928","9","phish-hack"
"0x117262defa4ece46a009e5e883d7c6f9d2d69b89","Fake_Phishing3997","0","13","phish-hack"
"0x11775a106157a283873a81e8ec58394b8d568e06","Fake_Phishing2264","0","18","phish-hack"
"0x1177d4f07c6ef70f51cf23493c66e713f7acccda","Fake_Phishing1871","0","3","phish-hack"
"0x118db57c34621acd0a91f02c8c18cd1a3ad7c213","Fake_Phishing1212","0","9","phish-hack"
"0x119240Ef17333E8DCB19A0DD4f5fC848981b0Ff4","Fake_Phishing348","0.022117","25","phish-hack"
"0x11ab90ab478b6c7892ae3041749cc8352962ab20","Fake_Phishing4314","0","9","phish-hack"
"0x11cdaf423b9e424b9b4a3d75274f16ea7571a5ab","Fake_Phishing4126","0","60","phish-hack"
"0x11E10485A869018FFA4bA093e4AF2B461a4E4697","Fake_Phishing349","0","114","phish-hack"
"0x121bb154e76e252a804bea23f875f1c25bb0a7be","Fake_Phishing3093","0","12","phish-hack"
"0x122c7f492c51c247e293b0f996fa63de61474959","FAKE: Starbase Crowdsale","0.01614","33","phish-hack"
"0x124c0c9a23e1c4c04b10cc1eda4934f9818c7ec6","Fake_Phishing4216","0","0","phish-hack"
"0x12591f8e0b746761a75a5f9d52f5208a638b4991","Fake_Phishing4258","0.0121554","419","phish-hack"
"0x125afed1eb0e75c20d919f875f0c952311a8af40","Fake_Phishing4379","0","8","phish-hack"
"0x126de4b8b4e10840e7931e5858425f35c99bd323","Fake_Phishing3745","0","3","phish-hack"
"0x12923d0c9f066722e9a9dba57eabdad664ff9c5b","Fake_Phishing2001","0","0","phish-hack"
"0x12962ddd4005a0b20125c7380f28bb4589fa0328","Fake_Phishing3434","1.27076948","78","phish-hack"
"0x12b73519d6e2bea18d55298e924e198e17332ca1","Fake_Phishing4197","0.00588247","5","phish-hack"
"0x12C97578b2aBCDc45d28dF7a288F27940705278a","Fake_Phishing293","0","26","phish-hack"
"0x12ee527b57f5c862ad129934d2852b62aa14fd2e","Fake_Phishing4433","0","5","phish-hack"
"0x13098fdefba2129b8873bcff5c9ce2de1cf7f32f","Fake_Phishing1779","0.0000316","271","phish-hack"
"0x130e4d8300e692b5d40bab4a7e15cc2e2acb6e07","Fake_Phishing2665","0","2","phish-hack"
"0x13362E8bf3329Ba59C21Af50d7ecCc3596affE57","Fake_Phishing296","0.00168","4","phish-hack"
"0x13369B4654Cb11D0D3b31AbFf0a2d74A78485aC6","Fake_Phishing589","0.00009409","19","phish-hack"
"0x13403162ef6cf6219441667ae22892c997262611","Fake_Phishing1381","0","0","phish-hack"
"0x135a24a24e524de187efab379fc655061a67cbd5","Fake_Phishing1305","0","2","phish-hack"
"0x1363077895B20Ae90f80794cE4e575559517d033","Fake_Phishing562","0","65","phish-hack"
"0x13803f5e158fec64ae7d81ed6799398ab4eb1fee","Fake_Phishing2773","0.19325827","132","phish-hack"
"0x138152524e73b8af07d089b7deae581c7152beb3","Fake_Phishing2910","0","18","phish-hack"
"0x1383756a91f4a278b32DD5c66015F7d4d18926fb","Fake_Phishing621","639.77397975","4","phish-hack"
"0x13860a679d2395e4bd1d552945cd7c9309ebe1ce","Fake_Phishing3733","0","4","phish-hack"
"0x139f81164bf849bb0e4566987aef2a4a46c7484e","Fake_Phishing3361","0","11","phish-hack"
"0x13b56f970b8982b1b4a76982876086ecad4756da","Fake_Phishing1835","0","0","phish-hack"
"0x13Be5abc6FC4aF67ABe34190F5f529624bD14C4E","Fake_Phishing626","0","36","phish-hack"
"0x13c94c666cc6c453b2d6b4a15a2ab7990cfefd91","Fake_Phishing3300","0","8","phish-hack"
"0x13d0f60b2aaaccbab97551219b16bc41dac84c5a","Fake_Phishing4226","0","22","phish-hack"
"0x13e69be8c633475022b8775e3bd99040107866e3","Fake_Phishing3076","0","0","phish-hack"
"0x13f674c399a868feeca37cc4710f81a74ef60309","Fake_Phishing1509","0","2","phish-hack"
"0x14258a5ddcad7001e8ac89b539df7e0f08a34500","Fake_Phishing648","0","10","phish-hack"
"0x1431b5c053d5e639d9a302d48c18de5fc23a2e61","Fake_Phishing4278","0","59","phish-hack"
"0x1443975e90EC15e7c070514831070581Ae2Fb929","Fake_Phishing1032","0","0","phish-hack"
"0x1446c3cb2cca5a03ad30b0cd1769633dd96ffe4d","Fake_Phishing2128","0","0","phish-hack"
"0x1447b1cb205158d98fdbd312b37ed9dd1481fb62","Fake_Phishing262","0","0","phish-hack"
"0x144826ded37a161f4d0aa7e5884131750022703c","Fake_Phishing2738","0","2","phish-hack"
"0x1451dbE4304a60B5b25B4d98B355EFFD440417aF","Fake_Phishing186","0","694","phish-hack"
"0x1463206d18b9042a6cc7cfa182e6dd464a69cceb","Fake_Phishing3239","0.00007931","8","phish-hack"
"0x1494403137159bb0dc545d11963fDF797ea1eCAb","Fake_Phishing243","0","5","phish-hack"
"0x14978c62fd31c4b02fa83ac9cddf2c8c48cebe96","Fake_Phishing4333","0.06459426","5","phish-hack"
"0x14a11e2ef83895918da176165e33025e02e472de","Fake_Phishing2150","0","4","phish-hack"
"0x14b7716c688875bcf54d5ff47cad4fca6b3834fa","Fake_Phishing1869","0","0","phish-hack"
"0x14b7eab3c6c7815fc0248f01a022d32f5214b5ac","Fake_Phishing2839","0","15","phish-hack"
"0x14bb6d69ab7fb011538be47efa115c8ff7853d0b","Fake_Phishing4472","0","9","phish-hack"
"0x14c0bc72b6023e3d8f8f2d37fad785bcc32d543f","Fake_Phishing3678","0","13","phish-hack"
"0x14c5f7f580479757cca90ed635f803fa26897567","Fake_Phishing4036","0","2","phish-hack"
"0x14ca4346167a1e3b872f86af0fe118c60e77dd68","Fake_Phishing2031","0","3","phish-hack"
"0x14d3cb89bfb1513cfae386d9d6ff447753fd04a5","Fake_Phishing652","0.000139","7","phish-hack"
"0x14e9e1f1320ff0286c5e9b23fcfb70b711ce892e","Fake_Phishing2440","0","0","phish-hack"
"0x14F8B4FEa8788eFE643EAAd0B10B37423b73215F","Fake_Phishing1035","0","0","phish-hack"
"0x150f70875c0229daa9c46e461498f81ab9a76a81","Fake_Phishing3752","0","0","phish-hack"
"0x1520d11074e265f4e6beff7c6ee844d346af8e46","Fake_Phishing2919","1","1","phish-hack"
"0x152f0872a5c75f6d82f0dcd92be82468a3c842cc","Fake_Phishing3370","0","14","phish-hack"
"0x153084214680f1cbacb2a940e1bae3b2c8772586","Fake_Phishing4300","0","0","phish-hack"
"0x153811025ae71383faa51d89731db29a0f8d88e2","Fake_Phishing4475","0","6","phish-hack"
"0x154858dae480e434aed2d524eb33b70b97958f4b","Fake_Phishing2420","0","2","phish-hack"
"0x154e7d6dcd3b18840cf094629ab4f1776d2ba89f","Phishing Token Deployer 3","5.98114824","230","phish-hack"
"0x155ea3c47d523ea150b2fb33ecaedc4928e0f2db","Fake_Phishing4100","0","20","phish-hack"
"0x1581912a74a68f40b076044ef81312de8a60aab1","Scam: RHOC Token 8","0.00026212","3","phish-hack"
"0x1597d86b81166cf78bb56ac4cab48ef81f203d23","Fake_Phishing1910","0.00576082","5","phish-hack"
"0x159b0563961a43f509c807a2eb156fa04b82326f","Fake_Phishing2283","0","0","phish-hack"
"0x159ccffb293a06aafaec1b254a00522a2bc40639","Fake_Phishing1886","0.001","1","phish-hack"
"0x159fAC9F7D1559833b05Ca4f01FE956DdF978Daa","Fake_Phishing1357","0","0","phish-hack"
"0x15a99893dc47bfae5B06e9B4c8941AACa60f8aF5","Fake_Phishing1231","0.00516051","15","phish-hack"
"0x15b28795ad746ab67944b8aa3943ddc26a69fa50","Fake_Phishing4257","0","25","phish-hack"
"0x15b4e32d5026a5a9ad3b68becadceb00b4eb9729","Fake_Phishing1560","0","9","phish-hack"
"0x15bec1907a134575b0f15838c98cdf052b67b83d","Fake_Phishing4128","0","6","phish-hack"
"0x15C4659060bf1Ab40455005b385F0e84Cc9CAe00","Fake_Phishing1728","0.02357401","2","phish-hack"
"0x15d16a2073735251e663d96e3647f68e571bcbd3","Fake_Phishing1905","0","8","phish-hack"
"0x15de13fc424c4c4cc3172bd85072800b95028bc9","Fake_Phishing2948","0","2","phish-hack"
"0x15edb10e1dee6b48eff22e7501bcb3f1ebba03a7","Fake_Phishing3104","0.0000015","19","phish-hack"
"0x15f4a5d5bbc071fc20bd60b9b7d81aaa8a1142ab","Fake_Phishing810","0.000001","7","phish-hack"
"0x1633570a65708ea48c51064a62669e3a85911922","Fake_Phishing4282","0","3","phish-hack"
"0x165b6749812900538402cd540c55be68411f8ea0","Fake_Phishing3908","0","10","phish-hack"
"0x166cdb9e8ffb1588ec016bd6684eb5aa437e9305","Fake_Phishing2306","0","0","phish-hack"
"0x166ee9bd9119cd8e4e9a7fb27518fce3218f6caf","Fake_Phishing2467","2","1","phish-hack"
"0x16717EE44E8Ab3f68bf288E3d977CF23207a3872","Fake_Phishing382","0","26","phish-hack"
"0x16881a3b5bd0f6b2f8c547dcf9bd74442eaddcf9","Fake_Phishing3163","0.00222835","12","phish-hack"
"0x1691b2f9986598e12c57aba5be50ebd5346247e0","Fake_Phishing1077","0","10","phish-hack"
"0x169b6c7Ed548e45bA9D87B2D32ff27e2D00051Ef","Fake_Phishing413","0.0002793","74","phish-hack"
"0x16b9c4333559256CA7D87B28C6fb2e8415b4711f","Fake_Phishing407","0","6","phish-hack"
"0x16c26eb6051fe13273c634cb6df70a26befa9ec3","Fake_Phishing978","0","52","phish-hack"
"0x1707bc69d91f86a6000d318e85d07b00747152fe","Fake_Phishing2146","0","2","phish-hack"
"0x1708a04876fec1ca8a482e72afb340c362d3ec20","Fake_Phishing2074","0","0","phish-hack"
"0x1711889449df3e54086021398b65693dd0d4916f","Fake_Phishing4297","0","0","phish-hack"
"0x1722137749338af245e09b1f58973b4ce1deb331","Fake_Phishing4312","5.60680808","4","phish-hack"
"0x1722436730afa8f9a8a564289081d0f015d366f1","Fake_Phishing3663","0.00064218","20","phish-hack"
"0x172f432f0e79cb5abb0f0f9c558425edf41e9595","Fake_Phishing2995","0","0","phish-hack"
"0x1736f0b82d21099375aa67548edbc9317fc5c529","Fake_Phishing3545","0.001824","8","phish-hack"
"0x173f55c725d4e6932e24f5eab84da821362aa7a0","Fake_Phishing3183","0","383","phish-hack"
"0x174b85710B6b371e472970a9c28A352329a6D39a","Fake_Phishing933","36.66922304","1","phish-hack"
"0x17528e3baee18484f775874cca27fac025bb5715","Fake_Phishing4356","0.4694012","9","phish-hack"
"0x1754B31a157DD2E2CF6BCb2C02891cF4dafF485D","Fake_Phishing572","0.000559","104","phish-hack"
"0x1754cebea65afe5cfe90ee7d393adce1568d2ba4","Fake_Phishing1889","0","11","phish-hack"
"0x175f6dbf87215a6da7107977b4680bc3db31b2de","Fake_Phishing693","0.01792586","31","phish-hack"
"0x17897c5c38362d8f620e70fee0adba109af5db2d","Fake_Phishing857","0","39","phish-hack"
"0x1792e2914b2ba25b507ba11aa7e4d1c0a99bb20e","Fake_Phishing4482","0","0","phish-hack"
"0x17935dffbc228397d2f5a67061867804cecacae8","Fake_Phishing776","0","18","phish-hack"
"0x17980b9ff9b318c93263ed52d19f3ca7ad24ed9a","Fake_Phishing2176","0","6","phish-hack"
"0x179b553f677766183e7cd2ae8c148ace69db7cdd","Fake_Phishing1056","0","3","phish-hack"
"0x17a5a3fab6a22378756ef364f495032fb634eff8","Fake_Phishing453","0","12","phish-hack"
"0x17bb11fbbb92be1f466a90febf108454bb48d520","Scam: RHOC Token 6","0.00114192","4","phish-hack"
"0x17C5925acfd3fb1C5f5A7C38F28CEc5C38682721","Fake_Phishing1419","0","21","phish-hack"
"0x17d4434b5bec2b880b69f0577f48eadb6edb26d3","Fake_Phishing2875","0","31","phish-hack"
"0x17eb36408edccd62df38938f9f85ac6a590b1f34","Fake_Phishing2905","0.06404713","1","phish-hack"
"0x18157E17CfC0Ef9e7c363f07394EBd79F18D0eE7","Fake_Phishing1732","0","0","phish-hack"
"0x181b89f4002d2cde8aff8d98ae7805eadf690ea4","Fake_Phishing3764","0.54678298","16","phish-hack"
"0x181c71726f12ce2514e8b93019eb22645a79f966","Fake_Phishing1188","0","75","phish-hack"
"0x18341b373c795736c09bef6bef09bcecba4d27ff","Fake_Phishing2797","0.000139","6","phish-hack"
"0x18365a89e092ccc31d2a49ab5cb697564ec81bcf","Fake_Phishing4083","0","32","phish-hack"
"0x183F2aeFBD1Fbcd2967A6F0B6a0ebd2C60a9D969","Fake_Phishing822","0.0001713","8","phish-hack"
"0x1847b35a3444edbede05b52a378d45e13eea54c4","Fake_Phishing2460","0","5","phish-hack"
"0x184fdf802e9c4018f3a107d73efbe6b6ddc4fb85","Fake_Phishing4435","0","13","phish-hack"
"0x18502a1f6ccd21ae49d932783d2814cca62591d9","Fake_Phishing2391","0.13","1","phish-hack"
"0x1865bf39ec9712f5f3d57cf423495c318939ab3e","Fake_Phishing2601","0.00058115","19","phish-hack"
"0x1883e2b785e75e1bd2f1ca62e2dc424fe092fa09","Fake_Phishing1446","0","2","phish-hack"
"0x1890d4a49faf31088e5ede045e3a985c82b21f11","Fake_Phishing1154","0","0","phish-hack"
"0x189c3d322e1b09cbbb61629cf538ace8dc9e8fa4","Fake_Phishing1773","0","0","phish-hack"
"0x18b7a24c0ed9bf05e968d8b2cafc1f6c561ab82b","Fake_Phishing378","0.00555946","1","phish-hack"
"0x18bff0b35d63b6e19775d3fbbb5a9fa9d7288a74","Fake_Phishing1341","0","0","phish-hack"
"0x18EC1d727320CbED7C0c63cD655aDE997b292C5E","Fake_Phishing766","0","50","phish-hack"
"0x18f3489D959Fd0e3fAC366646e08f9aEabeA4D75","Fake_Phishing542","0","0","phish-hack"
"0x18f39ead861d9edd999900a1ea8f4193a481e78f","Fake_Phishing4389","0.0668463","4","phish-hack"
"0x18f3c8cc8e628db33c56a22ddb092d1af9fc96b3","Fake_Phishing3753","0","0","phish-hack"
"0x18f6f44104e3f67f7e372609f6e64fcbbd0c81b7","Fake_Phishing2603","0.00901896","89","phish-hack"
"0x1901d590f5ddbe8d58c69b324c13f884ca1d0b31","Fake_Phishing1332","0.000139","2","phish-hack"
"0x190a0532DDFb88B29e4da09367819585fbA9c823","Fake_Phishing1710","0","0","phish-hack"
"0x191b70c998d57ac8d93297a6a919f689e64ca645","Fake_Phishing4388","0","32","phish-hack"
"0x193a7c3078b98102d0dc5838e3027e9b718d08c6","Fake_Phishing3895","0","0","phish-hack"
"0x195c7df16f8f3e2135ac3b52f37c35263fabc00a","Fake_Phishing2900","0.017084","6","phish-hack"
"0x196333b00abf440c044b7164868cd5a4682e0276","Fake_Phishing2570","0.000454","3","phish-hack"
"0x197f986c640aedfd3ce94553c61ece11937bc2bb","Fake_Phishing2415","0.014202","16","phish-hack"
"0x199eee5b6ca1aaf030c77f0b5c50e39908fd2072","FAKE: TenX 3","0.009698","4","phish-hack"
"0x19AFB5e405613906137Cc137224eAFD4673faccD","Fake_Phishing403","0","74","phish-hack"
"0x19b619237de51af8e1cbd989cd4e01e7299df4de","Fake_Phishing2575","0","2","phish-hack"
"0x19bfd8a539ca899983b30e1d1c3370ac03d6b7ab","Fake_Phishing1176","0","32","phish-hack"
"0x19dd963b4241374e988b1de46e2092371e38caaf","Fake_Phishing4154","0","8","phish-hack"
"0x19DEFb5CA94B7234825a2bf94207f195E9cb2B2F","Fake_Phishing874","0","0","phish-hack"
"0x19eee53faa2820b0d7c56cac3275231a2dc3ca9a","Fake_Phishing2736","0","13","phish-hack"
"0x19f327c2b627f5193976e3413d491322bbb4d954","Fake_Phishing2937","0","0","phish-hack"
"0x1A11585B374D5827F44e117e07941A8728a5f342","Fake_Phishing1524","0","0","phish-hack"
"0x1a26aab15f4b12b1c0d79d5c14c817721cce6953","Fake_Phishing3159","0","0","phish-hack"
"0x1a2893432d0615a0764a311b5d2a6062dc212c9d","Fake_Phishing3703","0.00558","2","phish-hack"
"0x1a2a81b0ae883384539caa18628c007ca5c448f0","Fake_Phishing1804","0","0","phish-hack"
"0x1a3f591bd2a270dd5e8e77235f842a918bceb4d2","Fake_Phishing3025","0","9","phish-hack"
"0x1A52C0ae2b39dBf85E3f67f95d0F3075611A003c","Fake_Phishing339","0.00004819","9","phish-hack"
"0x1a62141cf8e3d036ee2a26800975d18e8227bed8","Fake_Phishing3130","0","4","phish-hack"
"0x1a64baf4d961b87b6a99d1ee99361248dc1f7dbb","Fake_Phishing2442","0","0","phish-hack"
"0x1a81433309A5341D897108255D64208FDF4E42B1","Fake_Phishing1068","0","0","phish-hack"
"0x1a8479634ba4f57533b48719f9d2b20c5fcdfa9d","Fake_Phishing2745","0","4","phish-hack"
"0x1a85a80f6c192a86e3bd5d046c8f421d7947dbcd","Uniswap V2: NXM 2","0","0","phish-hack"
"0x1a8aee5d4a8ccea3fb1bf87f75d7b2c1c9bf1f53","Fake_Phishing3606","0.03079459","11","phish-hack"
"0x1a8f8122fa84c664ac105607eab99b2e5ae7c11c","Fake_Phishing1375","0.0016469","26","phish-hack"
"0x1a9a77dcb35c15f4c98c2407f84997b514d782c3","Fake_Phishing4046","0.00682465","6","phish-hack"
"0x1a9eb658e8cb3544342050a7cc1f706c0346e889","Fake_Phishing2129","0","5","phish-hack"
"0x1aa18a80822b3fbed557f279b8666bb4962ad6de","Fake_Phishing4289","60.58386455","502","phish-hack"
"0x1ab45960fc7c38b5087d2b930a2321b01c2f3ceb","Fake_Phishing3561","0.00954702","15","phish-hack"
"0x1abc65765fd0df7d997635ebe3027384bcf7923e","Fake_Phishing1426","0","19","phish-hack"
"0x1ad0d0c821453de875f026a5f438e30d4a3dac3e","Fake_Phishing3392","0","0","phish-hack"
"0x1adc6b83db36db7b0d7d68a8c6bb685d6e5a6da0","Fake_Phishing4308","0","25","phish-hack"
"0x1AE807d7645da9F7F65A3c4A7A8DeaA08bf9EFa4","Fake_Phishing1553","0.00140683","10","phish-hack"
"0x1af0340527b8bAF6965307010871f6312eAbacaa","Fake_Phishing1768","0.02703058","221","phish-hack"
"0x1aFa01D567434482dcb3Ea955b39778589176247","Fake_Phishing1197","0.00001545","360","phish-hack"
"0x1afa52442733791aa493a15087b1dc3544684d9b","Fake_Phishing4477","0.00493713","9","phish-hack"
"0x1b2f4abac29e739d8eb439a3f7fdef571f1d0e69","Fake_Phishing2127","0","0","phish-hack"
"0x1b39b1411dbc1cfc012ddc239f1522baa0e02b01","Fake_Phishing1792","0.00257079","7","phish-hack"
"0x1b3b93a9b0a43e33da2726a3f41caa71e0ced5d3","Fake_Phishing3591","0","4","phish-hack"
"0x1b3e3c78849d80688172bf9ced8c9c2407f988e4","Fake_Phishing544","0","83","phish-hack"
"0x1B3f0f53F5B50272Fb8EcE940664d09DF675C5A7","Fake_Phishing813","0","57","phish-hack"
"0x1b45ed52cd1b3d1738c0c5af022bc1f3fd2d363e","Fake_Phishing3206","0","11","phish-hack"
"0x1b4d216111f162bfc8d60a8ceedcd8365086f42b","Fake_Phishing4164","0","0","phish-hack"
"0x1b5eab73aed3e7c9b889c0fb55ecb44a0dcb5a6e","Fake_Phishing3779","0","12","phish-hack"
"0x1b6b664b91081b34ca8c7cdf22618e6a547d7947","Fake_Phishing2296","0","0","phish-hack"
"0x1b76d77499125f2b05779b78a8a642cecdc069ec","Fake_Phishing1933","0","29","phish-hack"
"0x1b7bdc46fb5d65c6d688bfadcfb7d3a434413956","Fake_Phishing2392","0","0","phish-hack"
"0x1b858871c8fdc0c782f60b350eecc58d82c216c1","Fake_Phishing2489","0","0","phish-hack"
"0x1b894efe9ca79bc139a68740a6b8018abdf73f7e","Fake_Phishing2222","0","0","phish-hack"
"0x1b8ee5cB5520ea3d12F64a8973c2A4F0cbcB1564","Fake_Phishing1033","0","26","phish-hack"
"0x1b904168c41038cfb4c8dd0d52635cb8c95106bd","Fake_Phishing2885","0","2","phish-hack"
"0x1ba10320062103ef36716bb888e739d41b17eff2","Fake_Phishing3308","0","2","phish-hack"
"0x1bacbc473428eda051501a65751e185b329217ea","Fake_Phishing2965","0","0","phish-hack"
"0x1bbeed1e4ad3c102a58129c65f4e04c4c67009af","Fake_Phishing2232","0","24","phish-hack"
"0x1Bd0ef3c9D58aA722EF220c134c8653dd7E6172e","Fake_Phishing1414","0","3","phish-hack"
"0x1bd913bbade46bf5ad8b1e5d117701fbeb078228","Fake_Phishing2845","0","79","phish-hack"
"0x1BFCf4c4Af45C916c3c8d738431c5188512aB7C1","Fake_Phishing919","0.00008162","54","phish-hack"
"0x1c16b965c7960fea0bd7e8629885cbe162223f2e","Fake_Phishing843","0","11","phish-hack"
"0x1c2a263bed6d2b7c6962884c06d2beda9c737a16","Fake_Phishing138","0","24","phish-hack"
"0x1c2FB401D3Dc4fd8131ccFc4589F281D58921402","Fake_Phishing166","0","0","phish-hack"
"0x1c39d6e0278d1a28ce21dbd73826559b010224e5","Fake_Phishing508","0","16","phish-hack"
"0x1c40d1a1cac7c586b9509c565296f91c8441af9f","Fake_Phishing1671","0","8","phish-hack"
"0x1c50139c266559b29d7cb27635e0da13bef76a09","Fake_Phishing148","0.00599835","17","phish-hack"
"0x1ca986d74577c0a590929b248ddc88707decc8b3","Fake_Phishing2944","0","0","phish-hack"
"0x1cbada50c52c3c311f66929ab1c02db4c8a01f5f","Fake_Phishing4058","0","29","phish-hack"
"0x1cbc864ea74e0f23f103df8623ba56a01b1eda59","Fake_Phishing1850","0.00501863","28","phish-hack"
"0x1cbdb2fa7861f1b3d01e0249c1cd3532829fb08a","Fake_Phishing4490","0","3","phish-hack"
"0x1cbf0fe18f936d6b6e721341c63a7dec833c0db4","Fake_Phishing3410","0","0","phish-hack"
"0x1cc46f05c98d409375012c9e0ab0ae105c72b3ee","Fake_Phishing4452","0","10","phish-hack"
"0x1ccf09f238a9485de914022d47a99431b7ae9a2d","Fake_Phishing2564","0","2","phish-hack"
"0x1cd53879e0E7DcF187F55eF4E963314FD2A5aA9d","Fake_Phishing867","0","0","phish-hack"
"0x1ce4312fdd45c9184a5561314122b2244bd862c9","Fake_Phishing1583","0","51","phish-hack"
"0x1cea7999fdafe5d156952ebf1816e8aa67a5485e","Fake_Phishing259","0","18","phish-hack"
"0x1cffb3299a244276940f4d4f898cc4b26a782c2f","Fake_Phishing4027","0","17","phish-hack"
"0x1d024825cd31b78bb07caa42251b7ba3a71db9ef","Fake_Phishing2347","0","9","phish-hack"
"0x1d138d1f0e8E5F67540b6054De7dB08A610F85B4","Fake_Phishing1557","0","0","phish-hack"
"0x1d153dee0a823e9238b4f2e83758e27be3f1158e","Fake_Phishing3826","0","18","phish-hack"
"0x1d1db7271513363097fdc84ed078356329c799e7","Fake_Phishing1962","0.0000638","10","phish-hack"
"0x1D2A6F7adD060A5F632639bF5Ec5fAAAE69529dB","Fake_Phishing1649","0.0002","2","phish-hack"
"0x1d2ba50dfa3c78da0e56f62d3a9e80a4d20da363","Fake_Phishing2086","0","0","phish-hack"
"0x1d32c5C86D035F6c8d37e471e55C03d1D191b5F8","Fake_Phishing172","0","2","phish-hack"
"0x1d49428c8d20fd5f22ef44de07d09612800b24ab","Fake_Phishing3781","0","6","phish-hack"
"0x1d4dce520b079a3e3d971eb0b93b1840baf989ab","Fake_Phishing3688","0","0","phish-hack"
"0x1d50588C0aa11959A5c28831ce3DC5F1D3120d29","Fake_Phishing899","1.05364677","180","phish-hack"
"0x1d52e4636de8c16ffb25855be76630c7fb574e47","Fake_Phishing2215","0","0","phish-hack"
"0x1d60606d8a09b5015d773a80b0c660bb8d91809c","Phishing 3","0","237","phish-hack"
"0x1d6065940bfd6ac7c4ec1e2a35e1420e0a9c1bff","Fake_Phishing1799","0","9","phish-hack"
"0x1d7821b0167c9eb24b49977d394fb5e4e2c9ab6f","Fake_Phishing2143","0","4","phish-hack"
"0x1d7bc400d3c6d9d37ec54d0e729cbadd06dc0390","Fake_Phishing4097","0","7","phish-hack"
"0x1d8a1c911a7d7a9ca127b1b71ba906a1e01b6b4d","Fake_Phishing2249","0","2","phish-hack"
"0x1da02ac05b1fd3e97593ba2aae920d772727380b","Fake_Phishing3641","0","8","phish-hack"
"0x1daa4f77ce217bdc80ab7eb7fdd9c95f9d57388c","Fake_Phishing2698","0.00047013","7","phish-hack"
"0x1dd4c4c639e6264bfdeeca0e9814d8a33a0c3a40","Fake_Phishing4322","0","5","phish-hack"
"0x1dd6166a68d464506ff36269f56e232a2a2cafc3","Fake_Phishing3175","0","11","phish-hack"
"0x1dde1c4ad966ca4930ad47537e473c48ea5182ac","Fake_Phishing3352","0","0","phish-hack"
"0x1de23F02E185fDc4f6BACc98D6c6419370E38538","Fake_Phishing45","0","31","phish-hack"
"0x1df30d794ab40fb7d63e603df9eb8cc4fa4a8cb0","Fake_Phishing2708","0","6","phish-hack"
"0x1e06d06c84a2a0f26efd2d8b85783156aefb3e0c","Fake_Phishing2985","0","15","phish-hack"
"0x1e071281416b20ac2cd50d2e8093b43f8526940a","Fake_Phishing636","0.02552786","84","phish-hack"
"0x1e0a8374a6c63acaaf4c020cce65c30e855b2b71","Fake_Phishing1236","0.00075536","162","phish-hack"
"0x1e0fe8686850afa01992f5d5611d2d908611933e","Fake_Phishing3303","0","11","phish-hack"
"0x1e1041d4e5e03d90e6350f8a239d8c0e9770f036","Fake_Phishing2186","0.003978","4","phish-hack"
"0x1e12436889E2459202437077549e35b56f1299Cb","Fake_Phishing541","0","0","phish-hack"
"0x1e21312d1e05a13a7d4af51fff776b93d5324111","Fake_Phishing2165","0","11","phish-hack"
"0x1e3c07ce10973fcaebc81468af1d3f390d2a4c71","Fake_Phishing678","0.009559","180","phish-hack"
"0x1e3f0b4efb8fce43d9e7bba3d3fd6fd25948b484","Fake_Phishing4522","0","5","phish-hack"
"0x1e442d0461bd7a52fadb9920f6ed5bb3cd8ff75d","Fake_Phishing1857","25.4593893","23","phish-hack"
"0x1e5c3a25a478cb23de3843f518582956ba1d2ac8","Fake_Phishing3643","0","6","phish-hack"
"0x1e67f055367bcbce045e1211f09355eb7411236f","Fake_Phishing270","0","4","phish-hack"
"0x1e6a9ba05c5b538fb200056db77d70c63f3d0193","Fake_Phishing3772","0","0","phish-hack"
"0x1e711a766cd4ec07c590eef54a112190b4826b4e","Fake_Phishing2557","0.05837556","31","phish-hack"
"0x1E75f03fF928BCA6c1692179679AFC0223d7824F","Fake_Phishing75","0.00958","2","phish-hack"
"0x1e765c2fd0c3bb80d780f2b0e730b6cc3834bdfc","Fake_Phishing644","0","0","phish-hack"
"0x1e857859deb11afd0ca7b760f21a3d8ddb03dbdf","Fake_Phishing1934","17.2149523","42","phish-hack"
"0x1E89039e26c0b7f0E922011dbF3e16a230255cd8","Fake_Phishing1609","0","4","phish-hack"
"0x1ea3ecc937bae79353d198db2cdab1e5cbe625dd","Fake_Phishing4345","0","54","phish-hack"
"0x1ec6ecc934ec1ad85bb4b579cfc53807da435a4d","Fake_Phishing1283","0","4","phish-hack"
"0x1ed427535098ed38b5e65d1d8852b63b3ea259cc","Fake_Phishing162","0","104","phish-hack"
"0x1ee6B25a0E3F855a10916766dF3A056E924e5DCE","Fake_Phishing1362","0","282","phish-hack"
"0x1efd1b1ee8174b5421786ef0127ea45076307d8d","Fake_Phishing1939","0","15","phish-hack"
"0x1f13117d63e7fedc3cde6775f9a0eefce328ccc9","Fake_Phishing3861","0","20","phish-hack"
"0x1f1686649a3b84d6250fc52f275c9055cca28518","Fake_Phishing4268","0","109","phish-hack"
"0x1f319dd5015b1068f102912f970d63b9947e4cb0","Fake_Phishing1942","1 wei","7","phish-hack"
"0x1f4137af5ba805833a79750ca571930b3fa7584f","Fake_Phishing310","0","0","phish-hack"
"0x1f482b4fff9bd0054242d42cc3339fa2957d4227","Fake_Phishing230","0","91","phish-hack"
"0x1f4bb87d5acf75192610bacf91addd71e7f9813c","Fake_Phishing2943","0","14","phish-hack"
"0x1f59bc7b5a771b46d40264facbff37350fb5de82","Fake_Phishing3279","0","8","phish-hack"
"0x1f627eed155c3d55e32ec15bfb82b2a5040abc96","Fake_Phishing3491","0","0","phish-hack"
"0x1f6f1723d0db4e9783b7171392b6fa9ae1062fd9","Fake_Phishing668","0.00539958","117","phish-hack"
"0x1f85ad342846fa0A93cCC2Ceb542fc087e3e2912","Fake_Phishing1355","0.000727","25","phish-hack"
"0x1fced426bc79364a6efb946fb818b5ebf1465769","Fake_Phishing3369","0.00000001","46","phish-hack"
"0x1fd41f2da3fcd5e61c4a6b70d387e480b6c38dba","Fake_Phishing2625","0.03286379","98","phish-hack"
"0x1ffa5238925b5fab08de1e3fbaa03ca207b0872e","Fake_Phishing3054","0","35","phish-hack"
"0x2003fc0B9D53f934F9BBD57304ccdd5fD2b37C50","Fake_Phishing121","0","0","phish-hack"
"0x201d2a68bfb83d4ded413a29bb3b7c5002d32772","Fake_Phishing2880","0","0","phish-hack"
"0x202f88bfffc39c9d3794df28a4261d5b536eb37b","Fake_Phishing2888","0.00511336","6","phish-hack"
"0x203daffa152dafaf2a859029f729b364fc8540f8","Fake_Phishing2791","0","3","phish-hack"
"0x205906790a597972f97fccda132d89ee63f15c10","Fake_Phishing1481","0.0072833","2","phish-hack"
"0x206e5c61cc3f7bd018f641fb79373f28cb30242d","Fake_Phishing4302","0.05529295","98","phish-hack"
"0x20869b304287e11f0ccb15ea3d6faee3c2b362ae","Fake_Phishing4405","0","7","phish-hack"
"0x2088f9830951a16d16e6753ba84b6843ce3f424d","Fake_Phishing2769","0.0000096","19","phish-hack"
"0x2092B75719EC6f1dfE3f0d8C73239aD0297522BE","Fake_Phishing1522","0.00207194","5","phish-hack"
"0x20a7a56175872acf6d3a8566eb7af76e01900c84","Fake_Phishing421","0.000374","73","phish-hack"
"0x20cbe0524157f564a5dca1c18f376e72b4528e64","Fake_Phishing3044","0","0","phish-hack"
"0x20e8c236ad726fd694cb0fc38654b44de9f156dd","Fake_Phishing3015","0","0","phish-hack"
"0x20f1ce2ece9b82fbe501cf4ad62dd7f7dce52534","Fake_Phishing3820","0","4","phish-hack"
"0x20f2ce82c28b726930a9b476503df7b814335642","Ian Balina Hacker 4","0.15102988","35","phish-hack"
"0x20fcd427f514f06e74ea65cc1c45d962e0611272","Fake_Phishing3724","0","16","phish-hack"
"0x20fe1d0e7f2a15469038b11154627b8a299b301f","Fake_Phishing3740","0","2","phish-hack"
"0x2121670ce3b1e5b90b423cc44fe34a4e1fe0cf13","Fake_Phishing3578","0.01199976","1","phish-hack"
"0x215d809962134828644f434ed87e79a64b95cb96","Fake_Phishing4225","0","16","phish-hack"
"0x215e7e7edefda37eb39df17b8b91da9a60d85530","Fake_Phishing1834","9.431","4","phish-hack"
"0x21693c903aad555ae5188f7813108c61722b94a8","Fake_Phishing2503","0","4","phish-hack"
"0x216dc48f74bacc2a1ae7c064fd22cb542a70088e","Fake_Phishing854","0","11","phish-hack"
"0x2189b1eea27f1d19bc2c61d991068ec947d8ec7b","Fake_Phishing3787","0","7","phish-hack"
"0x21918461c6aeca5eaec825b4746d64a0d4028df6","Fake_Phishing49","0.00041198","62","phish-hack"
"0x2196c848b8b51a90e8e12d3a18fd5741f4202301","Fake_Phishing3538","0.00378534","10","phish-hack"
"0x219b9040eb7d8d8c2e8e84b87ce9ac1c83071980","Fake_Phishing2775","0","933","phish-hack"
"0x21cb3b2f1145d96fe2d1228f027b3ba5edc6fa79","Fake_Phishing2000","0","0","phish-hack"
"0x21cc4144c124742762f82120456fbf0b35249791","Fake_Phishing548","0","27","phish-hack"
"0x21d4e8fc08cad9a269e66b5f81201a8edc16c231","Fake_Phishing2589","0","0","phish-hack"
"0x21e951767e23b428e8ff023dce7e6c6923dfcdeb","Fake_Phishing1924","0","0","phish-hack"
"0x21F2Ec12b1770545Ff0f731f2d21edFA0dB30CcC","Fake_Phishing1654","0.00945898","10","phish-hack"
"0x21f74c6bbc1e3ab9f0205e12de3a9daa14351aed","Fake_Phishing702","0","1619","phish-hack"
"0x2202bce02f8a5944c1fdf2bd20fcf607f30389ab","Fake_Phishing2083","0","0","phish-hack"
"0x2223d0e991e67830f9184171e2f5a44c1f0dee09","Fake_Phishing832","0","34","phish-hack"
"0x22374A2E9E19bcea56E64F9De3329670CD1a458c","Fake_Phishing180","0","0","phish-hack"
"0x224b9f4666472682f3e805f4dc1e0fc39b7b96fb","Fake_Phishing1517","0","15","phish-hack"
"0x2268b0ac97d742d72541760f2e8af1631927f12e","Fake_Phishing3829","0","37","phish-hack"
"0x2271a88623266069352196363c1e54f61c5141e1","Fake_Phishing1398","0","4","phish-hack"
"0x2276f412d2ae5dc2cdc293b0df70a8273f6f6771","Fake_Phishing1104","0","14","phish-hack"
"0x227ba10622303ec48d0f12c9ed96a59553b599bd","Fake_Phishing2498","0","12","phish-hack"
"0x2299c90980777Bb9ebf2D8D58a92Cb3AB7F7fAA0","Fake_Phishing1538","0","0","phish-hack"
"0x22E6E63da95C5ed88Bd2658b68C57Ed4065Ebe59","Fake_Phishing1451","0.00035391","10","phish-hack"
"0x22eb0b23e5Ad7eF827aFF13B2E40Ed63e277844e","Fake_Phishing8","0.00085129","78","phish-hack"
"0x22ffb8cf9871cb143575effea5524a19d0bd72f6","Fake_Phishing2857","0.0039805","67","phish-hack"
"0x2306934ca884caa042dc595371003093092b2bbf","Fake_Phishing4347","0","524","phish-hack"
"0x231e4c0166e24efdcb4c428d5feaff73df7351a8","Fake_Phishing3587","0","0","phish-hack"
"0x2321f6993600859eb1be90f423cabd5bd243fc5a","Fake_Phishing3407","0.03383688","32","phish-hack"
"0x2325a39895d2ecc7008f4928039fc62cdf93172c","Fake_Phishing3322","0.00070469","10","phish-hack"
"0x233772b61331E4355c5a3AcB1Ede5f0793eb273a","Fake_Phishing1260","0","0","phish-hack"
"0x23397c5d9c6363d67b3a294b677f80f93949bf56","Fake_Phishing1138","0","22","phish-hack"
"0x233ae9c0fb89305756ea856e673a0f80229eb33f","Fake_Phishing1995","0","2","phish-hack"
"0x23471dd00e1c1e470daa920a4cefa35b89887c13","Fake_Phishing3670","0","33","phish-hack"
"0x234b086bc79c117e0738d9103cac63bad63d918c","Fake_Phishing3309","0","0","phish-hack"
"0x23667058d0cd398ff8d25e015c86322644c7783d","Fake_Phishing643","0","28","phish-hack"
"0x23770db05610d3939412cb7cfef12ca16e368549","Fake_Phishing2792","0.00042964","20","phish-hack"
"0x237abde05ac2f992a44436bfee8b3219a329c5a0","Fake_Phishing4018","0","0","phish-hack"
"0x23886b2a4e1edc3e558e2411cd16055e006b7a11","Fake_Phishing3202","0","8","phish-hack"
"0x23bc518ec62edb9933a5ef0f3267995945be4cb3","Fake_Phishing1795","0","4","phish-hack"
"0x23cb06dc044f4c9937866a5928c2427639f390a0","Fake_Phishing3256","0.00008401","17","phish-hack"
"0x23d56797f64640e96feaf57b7874c897b53ef0e4","Fake_Phishing680","82.97916135","104","phish-hack"
"0x23e34bbccb320951d8d5db864cce0ba9452ae663","Fake_Phishing2300","0","0","phish-hack"
"0x23f1909f7a65cba4d2a4a42ee1ba7d9772c3ba93","Fake_Phishing2563","0","2","phish-hack"
"0x23f345e3ffd537eaacf3da0d59a511ee5f1c5717","Fake_Phishing3652","0","0","phish-hack"
"0x2401fa404acbdf066d3c69e9fbc0e1f5d42f7d62","Fake_Phishing2598","0","14","phish-hack"
"0x240e125c20a4cC84Bd6E7F8D1FD07Aff4c06D43d","Fake_Phishing13","0.00093948","5","phish-hack"
"0x2423a3bdb6acb420b297c396857c62fdbb4254f3","FAKE_Phishing25","0.00000064","2","phish-hack"
"0x24328c35066c61523e03ac14996131aef4b3f525","Fake_Phishing2116","0","0","phish-hack"
"0x24534aa9a8931d219b8c1970579c1cba188e726c","Fake_Phishing220","0.099559","3","phish-hack"
"0x2457119f041c0da24f05a4cfa9851446c224bfa8","Fake_Phishing2397","0","3","phish-hack"
"0x246383881c671c26736861628739f7b8ca85afbc","Fake_Phishing1972","0.03493431","50","phish-hack"
"0x2463f5441b401e02513452d849346e2a8389ecb5","Fake_Phishing3348","0.029151","3","phish-hack"
"0x247733af8b2bb8e63e3a2a419761c0fd71d40499","Fake_Phishing433","0","0","phish-hack"
"0x2492187a69d486e7a500a3a7dd441f034ce6a158","Fake_Phishing3366","0.0000085","3","phish-hack"
"0x24aa18952e80707dad3ab4c9c97e787f2af337ca","Fake_Phishing689","0","18","phish-hack"
"0x24ecad110119e2c763f1afc7f4e5dd159238d143","Fake_Phishing2853","0.00113764","178","phish-hack"
"0x24f7ea54d9cdb021c0788caab3c1796aa8b2c161","Fake_Phishing1347","0","8","phish-hack"
"0x250486b8f0264b1fe65aa5d7e05986723e492e0d","Fake_Phishing875","0","8","phish-hack"
"0x250c5e2cda38b4910c92d0e9f5d5bffa54a3879d","Fake_Phishing701","0","23","phish-hack"
"0x2511a5cf945e1cda14e3210d2a56ea0de1d3e031","Fake_Phishing1344","0","4","phish-hack"
"0x2519a00724ca9d3cdf1fe5f9995d2ee886f48fea","Fake_Phishing2305","0","0","phish-hack"
"0x251bdf7a333bef7b349a429f435f8178735c186b","Fake_Phishing3168","0","13","phish-hack"
"0x25381a98c848c445c21211b0e365175435c1ea8f","Fake_Phishing3791","0","14","phish-hack"
"0x25424e57bd525c585b66778b323cf642bfa07b79","Fake_Phishing4035","0","4","phish-hack"
"0x256b6711f4fab3c18df208f3eb7b87384fa13acd","Fake_Phishing452","0","21","phish-hack"
"0x256d46b673825a5eedff1bf8e0a967a5f99ea1cc","Fake_Phishing4039","0","7","phish-hack"
"0x257890939f7c0b758897f7bd49a590b7190043e0","Fake_Phishing1473","0","15","phish-hack"
"0x259510f83370e261ff018cf973d0e80ff64cf1b5","Fake_Phishing2076","0","0","phish-hack"
"0x259a0af5bb419bcea7e5aaeb0bed2e98bd8a11b3","Fake_Phishing2377","0","4","phish-hack"
"0x25AB0A13F42EA870879b4b631d5599eF47260dC1","Fake_Phishing1712","0","411","phish-hack"
"0x25AD159a960fE0f6147b7C620d1ff77Af26FA319","Fake_Phishing385","0","43","phish-hack"
"0x25b5304a0b4adda114f5bcc0bb2bb85c7b67a98d","Fake_Phishing4074","0","10","phish-hack"
"0x25bd5962f862d0a3aa14b49e5ac5a6c73ee69b44","Fake_Phishing3878","0","9","phish-hack"
"0x25c6f8e1ffa1656e6d4546932dc68b6889a8d769","Fake_Phishing2207","0.00941403","9","phish-hack"
"0x25ef655c6c20ce77098d63bbcd32bc7c80987bbf","Fake_Phishing2765","0.003353","33","phish-hack"
"0x25f46306aaa6762b2242d4e8aa2ba851cd24ff72","Fake_Phishing3940","15.9999769","3","phish-hack"
"0x25f754ade28ec1ed771ee22efeaed764847181e3","Fake_Phishing784","0","6","phish-hack"
"0x25f8b4acd2c37d7ebae0066fdf9f13f327c0c4eb","Fake_Phishing463","0","0","phish-hack"
"0x2627d332d0dea9140b43cb5dc102effdf16ce9a6","Fake_Phishing3534","0","2","phish-hack"
"0x265f38529e6b8c157d9976b2665baffdb0280f0c","Fake_Phishing2505","0","0","phish-hack"
"0x2664c334c46635f7845487d3bab16992fc83a93e","Fake_Phishing2344","0.05303812","289","phish-hack"
"0x26809ae19c8c243f3b6f3e54db992e163efb493b","Fake_Phishing2120","0","0","phish-hack"
"0x2689A3Feb5ce6ae619B9F923Fc8a1cDe1143B7b8","Fake_Phishing1725","0","3","phish-hack"
"0x26a022e559ec404c142ec873f1cde696ac97915b","Fake_Phishing2040","0","3","phish-hack"
"0x26a0318ae3e8da56dd23ab4d20912b5a51f6b754","Fake_Phishing963","0","4","phish-hack"
"0x26a505222eac10ea7e7264ee4485063895b83146","Fake_Phishing3846","0","6","phish-hack"
"0x26ba821222ee3b7b77f83cf1411dc5105bf2e499","Fake_Phishing1690","0","2","phish-hack"
"0x26bb612e398a41db0f749fce24634064ab68c72a","Fake_Phishing3224","0","9","phish-hack"
"0x26bf2ea373496c1e4b91c49965cd58c60712787c","Fake_Phishing1815","0","0","phish-hack"
"0x26F1dB8be15b98B4a176fb9AA171F747d4151F4a","Fake_Phishing527","0","48","phish-hack"
"0x26f7eb488661c33c43089ad61944f3231222b32f","Fake_Phishing493","0.15885519","9","phish-hack"
"0x27075c2f55bd05c8f7009e8b5a1d3cf131806dd5","Fake_Phishing1345","0","0","phish-hack"
"0x273730ff234b4bd238ce9751bedda309a946d6a6","Fake_Phishing2231","0.00022798","5","phish-hack"
"0x2779554418f66834a811f2beabb0151474b9c67d","Fake_Phishing1545","0","17","phish-hack"
"0x2784574e2405a7d3be1259b5f00412ae652018f4","Fake_Phishing4215","0","13","phish-hack"
"0x2789b7b3557f39643198433daebf6b43512be65b","Fake_Phishing498","0.001189","34","phish-hack"
"0x27a77398d0a8ad977eb63c275afcadfdf6106dd0","Fake_Phishing2953","0","73","phish-hack"
"0x27b262c6be752b841d66f6d5121a5d332879a136","Fake_Phishing2671","0","2","phish-hack"
"0x27c57c58559d6e3752375981c499c05279fb68d2","Fake_Phishing3124","0","0","phish-hack"
"0x27Ec5a27E521364699b870e5D8B5245D97CD0031","Fake_Phishing1771","0.000139","2","phish-hack"
"0x27f0259f58dd6b33c808cabe27f96810c0305a8f","Fake_Phishing2693","0","503","phish-hack"
"0x27F897EBeeD82240734489D52AA7e39a8cA257E9","Fake_Phishing1416","0","25","phish-hack"
"0x27f97bc09a4e28d5935a08e2810b3e3c94f04220","Fake_Phishing4473","5","762","phish-hack"
"0x27fddd724fe2a47025444e2e5b02e30899c3b871","Fake_Phishing2508","0","0","phish-hack"
"0x28184D2F5e2A47FCd5e528230d18cC3eB2cD0A6d","Fake_Phishing111","0.000559","2","phish-hack"
"0x2846418ac4626b425554768f5702217f63d77a57","Fake_Phishing2358","0.00077263","266","phish-hack"
"0x285cfe87f4ad22228a625dcd1f64b2bc6b27ecff","FAKE: TenX 5","0","0","phish-hack"
"0x286f856947fd7b93e29db9376d8c86df35a38c9c","Fake_Phishing3143","0","6","phish-hack"
"0x28906b932cf61c99efc12615f4852bd2d512d8a2","Fake_Phishing1724","0","7","phish-hack"
"0x289f70e8c29657e574de9cf78d74cb20f674936a","Fake_Phishing2097","0","7","phish-hack"
"0x28a3c742a8e7fc2d2d5d4299331648d8084fc8ba","Fake_Phishing1499","0","18","phish-hack"
"0x28A6D6E41fcCA5b003f22ceBa48Aa689325Dd62B","Fake_Phishing1427","0.00002705","28","phish-hack"
"0x28A760ee38C302c8a67742f98A3490dd1D65a38E","Fake_Phishing1437","0","29","phish-hack"
"0x28be673a550c3946b031a6d42aa745f9f6e04280","Fake_Phishing376","0.19924119","4","phish-hack"
"0x28ccdb023ccf37041d851a9483db55f6c105f507","Fake_Phishing935","0","19","phish-hack"
"0x28f45192fd495bd9cbb312a6080d086d14481ebc","Fake_Phishing2034","0","6","phish-hack"
"0x28f4c90197238494d309446c277b2ca93646e88b","Fake_Phishing343","0","111","phish-hack"
"0x290b74320705ac9a41331f6794bd1bb63dc7059b","Fake_Phishing4466","0","25","phish-hack"
"0x2911e43157656b747c803162ba166ed3f9ca8aa2","Fake_Phishing2185","0","13","phish-hack"
"0x2914c01d6589b3b52a065a9d9cda539ca765a311","Fake_Phishing3994","0.0001131","15","phish-hack"
"0x291ecBB7897A3A11Ae0582183a556927BF45d943","Fake_Phishing764","0","135","phish-hack"
"0x29356f085ed17c96b7d1c8a20d1ee79e616d75bc","Fake_Phishing3972","0","0","phish-hack"
"0x2956d5252acc446ac7602aa018f4b09c21fd07ba","Fake_Phishing2424","0","2","phish-hack"
"0x295f3272645cad969f71e2a8515cb1f871198d32","Fake_Phishing2887","0.02","1","phish-hack"
"0x2965deab20b16565d5fb08799728c51b6cdda34b","Fake_Phishing956","0.00188718","6","phish-hack"
"0x297a88c749273f2de6a378a6015dd624d993c671","Fake_Phishing1286","0","19","phish-hack"
"0x299628fd380813622305517e64eee89bb6a49ca3","Fake_Phishing1099","0","0","phish-hack"
"0x2997269e23D8aefbB1B0Addd6eC95a9616B32F06","Fake_Phishing889","0","3","phish-hack"
"0x29Aaa966321F7d82E119BBc965a58CB62d703445","Fake_Phishing1604","0","2","phish-hack"
"0x29Ad9092f5559fC8C6b307BBd98b97da8677eE00","Fake_Phishing54","0","2","phish-hack"
"0x29c3aDF6f50E2186C21f5Ebb1aC073115831286E","Fake_Phishing1009","0","33","phish-hack"
"0x29c77a017dc5548cf3ad98eb4b187f906fd3d549","Fake_Phishing1796","0","4","phish-hack"
"0x29cc635a3968beec56c6a3f5da1c033a18ee1571","Fake_Phishing2799","0","40","phish-hack"
"0x29d7d1dd5b6f9c864d9db560d72a247c178ae86b","Fake: Enigma Presale","0.21938044","234","phish-hack"
"0x29d8e87D4184a25C4f015494E44670a370D27113","Fake_Phishing990","0","10","phish-hack"
"0x29d981dd09e5981dfd398978463d7185cbe45bb0","Fake_Phishing2523","0","117","phish-hack"
"0x29e225d888cf11c5e67613bffd30bcf071eb3d4a","Fake_Phishing254","0","181","phish-hack"
"0x29e7049f72b99b9f914f59abcea7b348e2484795","Fake_Phishing221","0","2","phish-hack"
"0x29e9e9b652ac7971f351a35b4aae034cfe0a6c49","Fake_Phishing3241","0.00001887","4","phish-hack"
"0x29EE4Aff6549477180EabF73f7a3A269BCb70026","Fake_Phishing204","0","0","phish-hack"
"0x2a0055bd440ebc26fd466d7ee04ca293300beff4","Fake_Phishing2062","0","0","phish-hack"
"0x2a1c3aa6d0a1fd21a74348dba16c6abca1c88914","Fake_Phishing3401","0","10","phish-hack"
"0x2a1c52252043257eb84228a90457772d870c0994","Fake_Phishing2978","0.016607","7","phish-hack"
"0x2a1cbda9f24255ff3489561af72342871c06b7a3","Fake_Phishing1315","0","3","phish-hack"
"0x2a21180d900cddc46416117903edc0ee83286408","Fake_Phishing2461","0.000139","3","phish-hack"
"0x2a226ff47f726180c172b31683318dda5509771a","Fake_Phishing3428","0.00782477","10","phish-hack"
"0x2a2884e86701C0C48a0A35B0D542b0a833452638","Fake_Phishing150","0","60","phish-hack"
"0x2a37a183eb7f18cae3fcb967404e472729f21e96","Fake_Phishing2132","0.00514682","3","phish-hack"
"0x2a3f72f7f5b7d57f6728fcbd093a215d4afb8235","Fake_Phishing3374","0.00511724","71","phish-hack"
"0x2a4a8d2ce8fe1d723e8f13cebcd74b71d7723818","Fake_Phishing3040","0","24","phish-hack"
"0x2a57f63b0b0fc2ca8846229e597c52fa2cd68432","Fake_Phishing3650","0","11","phish-hack"
"0x2a62146f043c9c08bc2b32decc1e5a5e6f5367c1","Fake_Phishing2208","0.00046695","108","phish-hack"
"0x2a6c7867e605d0f0f940cec1669d98a33cf4c299","Fake_Phishing657","0","13","phish-hack"
"0x2A6D8021861f27aB992572D8689017b7A83C989D","Fake_Phishing368","1.63991906","359","phish-hack"
"0x2A7D04018D7295D8069Ec9721eE415c4Bdc57909","Fake_Phishing165","0","0","phish-hack"
"0x2a875ef76dc772078b1a42da705deec99341b5ef","Fake_Phishing3174","0.02390956","203","phish-hack"
"0x2aa40bb0993b5a2d00da4c1cd9555c626974c1a9","Fake_Phishing2368","0","2","phish-hack"
"0x2aa8af4a79575458d5d0bcbff6d7f045f877e3c4","Fake_Phishing4323","0.00336","28","phish-hack"
"0x2abc2ef47570531d026b9d8b09defc7f2f2330aa","Fake_Phishing3671","0.00017323","6","phish-hack"
"0x2abe6dbc3d9a3d731db69a23dfc58827c0447cb9","Fake_Phishing2755","0","8","phish-hack"
"0x2ac03b4fc893eb3d29bb886a16003798dd39a54d","Fake_Phishing2840","0","2","phish-hack"
"0x2ac811d5097b4137a488fa59fc966b5a593227e6","Fake_Phishing4054","0","17","phish-hack"
"0x2ad8c6ff0f46dfe296066b1643afc04189b4b142","Fake_Phishing3441","0","4","phish-hack"
"0x2ae18a061de67357fea97408977a06262eedfcf6","Fake_Phishing3066","0.0006054","3","phish-hack"
"0x2af0b9190aa127c1989886670481381b5b549985","Fake_Phishing1106","0","6","phish-hack"
"0x2b03c37faff05f3935d1c7edc96132b80c174040","Fake_Phishing2825","0.00061929","20","phish-hack"
"0x2b164ae662a0ab1832c87cb4a226efec56219fb6","Fake_Phishing1853","0","28","phish-hack"
"0x2b1c266e2a39a7a30aed472fad47d6b6ab953f7e","Fake_Phishing1842","0.00004473","15","phish-hack"
"0x2b281df19308645a24effe2f4873143600f02155","Fake_Phishing3644","0","0","phish-hack"
"0x2b3f20856ab44677ef8efc88b94f073a0b6edcef","Fake_Phishing3330","0","0","phish-hack"
"0x2b418bee379c1becb9443a0a326fb4e26cf72078","Fake_Phishing3871","0","8","phish-hack"
"0x2b4ba785c91ad66ee0e1ac4a145f304a1feeca19","Fake_Phishing4368","0","0","phish-hack"
"0x2b4d85023bc9a92f74ec24008802d64c0bb7c779","Fake_Phishing3172","0.02812474","15","phish-hack"
"0x2b5d022d3396c412a58c7be8897bc8d3e0c823c3","Fake_Phishing1891","0","0","phish-hack"
"0x2b8cdceb358ee31c2ba6c9707ad09df66bf7bc88","Fake_Phishing1578","0.01587046","2","phish-hack"
"0x2Bbe1297d729BC7f7558aFb43404F0f0A544D206","Fake_Phishing1042","0","5","phish-hack"
"0x2bca419e570b1620b5e922fc005e806453affc83","YYFI.finance: balancer","0","616","phish-hack"
"0x2bcb5e087a59a8cf8d96969ccb8f85c4705f20c2","Fake_Phishing3570","0","6","phish-hack"
"0x2bd267ad20e8c42c85f9c16fd4c6f24770dc492c","Fake_Phishing4007","0","0","phish-hack"
"0x2c0136651B86047717601C820CD104140Cbe1eCC","Fake_Phishing1497","0","0","phish-hack"
"0x2c06857C5C721f173347730c388Ef07530b26556","Fake_Phishing338","0","6","phish-hack"
"0x2c11e2b870472a32027500bf0facceb7200e768b","Fake_Phishing2239","0","4","phish-hack"
"0x2C17454B0b0e253313449b962e02bD3DDcE9D4bC","Fake_Phishing927","0","43","phish-hack"
"0x2c1df1d2b053e2bf89bb5251af392bc962326e51","Fake_Phishing1274","0","0","phish-hack"
"0x2c25484678beffa8ce2bec715f830dbcf40cfb35","Fake_Phishing3493","0.00025011","9","phish-hack"
"0x2c30e423d30e78c416b3d8938e2e14d09af4753f","Fake_Phishing2402","0","0","phish-hack"
"0x2c849c6EB45E44526b1485364B25816B0560D9A9","Fake_Phishing140","0","0","phish-hack"
"0x2cbc78b7db97576674cc4e442d3f4d792b43a3a9","Fake_Phishing2826","0.04121396","243","phish-hack"
"0x2cC6CFbBB5e1c4D92638c1766D09850ADBCB9B2e","Fake_Phishing1716","0","7","phish-hack"
"0x2cc762c27a50d18e50efcd3bee9e3154e3bb094d","Fake_Phishing1178","0.005895","28","phish-hack"
"0x2cd7e2e65bb6ef5f233f9dea83736cf8195fe70d","Ian Balina Hacker 2","0","17","phish-hack"
"0x2cdf611af8cf6c6a79105dae3b4565af906ff9ca","Fake_Phishing2356","0.009517","20","phish-hack"
"0x2cf2a579845b351d0e2fa82476b7212F224eb768","Fake_Phishing1641","0","0","phish-hack"
"0x2cf904052d9ff15c18d6061e569b09925a6f0ac0","Fake_Phishing2411","0","0","phish-hack"
"0x2d0C9C7D0634330cccC3A16E8264e3343ca4f739","Fake_Phishing336","2.44516495","15","phish-hack"
"0x2d11fdd7a31ce7355b0377453cfc0aed01ea622c","Fake_Phishing4264","0.0317721","1","phish-hack"
"0x2d19F9FEcE6DA18f2899944B0621C5eCeBAa249B","Fake_Phishing1579","0","0","phish-hack"
"0x2d1f576724cf3495fc397490ea36cbe2f8bfa7bc","Fake_Phishing3988","0","0","phish-hack"
"0x2d301d74a8d303da6408cc2dfda319bbeb48c125","Fake_Phishing1114","0","13","phish-hack"
"0x2d4498a2cf71f5b0946f0ebcfff97ca9d0cd5d04","Fake_Phishing91","0.00835082","3","phish-hack"
"0x2d50bffa93d3f93918837677dc7598784e1da128","Fake_Phishing1945","0","0","phish-hack"
"0x2d515af888401cb3a2140659b06f66c6a7df8518","Fake_Phishing2970","0.0055603","215","phish-hack"
"0x2D52755826F4054550f4a0a1AD22E69Cc0f22085","Fake_Phishing584","0.000559","80","phish-hack"
"0x2d56f8514aeee22109e0699f8b0bfef304d5ac87","Fake_Phishing2134","0.0018972","17","phish-hack"
"0x2d675e9df1b5f36fdc5480718161cc1f041140cd","Fake_Phishing4489","0","3","phish-hack"
"0x2d791afb30b48a0ac39e6b416d2f46aa095b1704","Fake_Phishing1920","0","32","phish-hack"
"0x2d7e6ab02d3f975248c747eacb99107bc597e4ce","Fake_Phishing1215","0","0","phish-hack"
"0x2D8028f663512Edd7Adbb6bb4d2FF63d36a01656","Fake_Phishing1617","0","0","phish-hack"
"0x2d8d2ac5f701363b17f07a46e15e2e97282f5b0a","Fake_Phishing2541","0.0003054","2","phish-hack"
"0x2d952899145db489c80af7e493abafb66e539b1d","Fake_Phishing3281","0","0","phish-hack"
"0x2Dc5616EC2b9D24906F0e11dC8D8a736392dFeDD","Fake_Phishing1047","0","25","phish-hack"
"0x2Dc75e4F747f12Ed0e5E8b31f9503141471A0c8B","Fake_Phishing392","0","2","phish-hack"
"0x2df0dab68d148c53b9b1666f8dc044680860d2e7","Fake_Phishing3512","0","15","phish-hack"
"0x2df62e8d020984d77a5baaec76aa3473daf2d313","Fake_Phishing1678","0","0","phish-hack"
"0x2dfc601db0c0b5eefc302249acdf936dce83cfb3","Fake_Phishing2180","0.0000006","16","phish-hack"
"0x2e02B825813F2040632D41dfD00Fabf82Df25Eff","Fake_Phishing1257","0","36","phish-hack"
"0x2E2F816f6B9277580eCA3d86dd4771B740c8884D","Fake_Phishing708","0","0","phish-hack"
"0x2e3a5deb080fcabc9ebefd5c871989ac507c94be","Fake_Phishing400","0","29","phish-hack"
"0x2e3a90d922c6d5f73136f83eb62a86e27b792487","Fake_Phishing2416","0.00002092","4","phish-hack"
"0x2e3fd2b400a269f7a0b1aaf448ef02679cd557e9","Fake_Phishing1562","16.06538439","11","phish-hack"
"0x2e462fdef8cde7db82aa3f7c627731be94f7c9c4","Fake_Phishing880","0","33","phish-hack"
"0x2e5675ec56f8c5e2119a44acc66d780d18a18315","Fake_Phishing2990","0","76","phish-hack"
"0x2e64d7d37133e505ea50e813400be7d105acf4ad","Fake_Phishing3050","0","73","phish-hack"
"0x2E6Ace64e85572eeDAaD739c3172EcE853153C73","Fake_Phishing1428","0","0","phish-hack"
"0x2e7f29ed5c73f5bad44ee7ce20afeeb67d11de23","Fake_Phishing4377","0","31","phish-hack"
"0x2e8243757a3e4c829fee9ebb672bdb5b0de4085f","Fake_Phishing3792","0.0133536","6","phish-hack"
"0x2e8f621fa42331cdb8489b7048b5bf6a97284f85","Fake_Phishing3771","0.00000218","5","phish-hack"
"0x2ea8449b6561e6fd33671177cc6525f163326ac3","Fake_Phishing859","0","0","phish-hack"
"0x2eaa87226e56254e355eeb320e657786a2b40599","Fake_Phishing142","0","255","phish-hack"
"0x2eb045d518290aca828046641d29f605ead1a283","Fake_Phishing1116","0","3","phish-hack"
"0x2ed31556f20db283569ae040d6968f65efa240ca","Fake_Phishing4397","0","21","phish-hack"
"0x2ede4eb0fe6ca583b5cf9fdc5c100ecea119da7d","Fake_Phishing960","0","58","phish-hack"
"0x2f0509efad8555012ac770866fece8d35e73a492","Fake_Phishing3101","0","2","phish-hack"
"0x2f0659e728b2bc6459f7be68b9cd1a919c65e86d","Fake_Phishing3229","0","42","phish-hack"
"0x2f09dfc52c61cf17cc9bafd5d8e57eb8d41804be","Fake_Phishing3074","0","2","phish-hack"
"0x2f0d741580d9dbc27e51e5dbe83f5797f868c2e0","Fake_Phishing2314","0","7","phish-hack"
"0x2f141d0cd81011436df8fa04bdac01cb6cf51a65","Fake_Phishing688","8.89622238","18","phish-hack"
"0x2f285661386ad83f2deb62850fb78bccb4ce8a7a","Fake_Phishing3382","0","2","phish-hack"
"0x2f46C85B5A9C6E908a3453220E4dAD23cAA5c8A3","Fake_Phishing1665","0","20","phish-hack"
"0x2f4d7ecf5d7ff547e0aa20e7d98958c044cbfd8f","Fake_Phishing4270","0","0","phish-hack"
"0x2f7c756e83f439965dc911d9b31d82c515e8af25","Fake_Phishing85","0.0018656","3","phish-hack"
"0x2f8debdcf62eb537871daede11f790d84ddf35cf","Fake_Phishing2939","0","28","phish-hack"
"0x2f93947429c9a9c740c3aae495707dd902b3382e","Fake_Phishing246","0","137","phish-hack"
"0x2fb595ab15edca3dcdb87319d5814f5875ec049c","Fake_Phishing3217","0","0","phish-hack"
"0x2fb7fe1deb5bd7617f795447a10693f3de273e6b","Fake_Phishing2277","0","2","phish-hack"
"0x2fc0385f289a1309ebfd0825a714e169dda71ca7","Fake_Phishing3835","0","17","phish-hack"
"0x2fd42f6c0898e7249cb3e2c04db896af44390396","Fake_Phishing3223","0","9","phish-hack"
"0x300e5cc5847db2ca0190465089b8e568caa76fb9","Fake_Phishing4461","0.2028745","10","phish-hack"
"0x3018a3eab048a0a1c15003b383a181f089a039cc","FAKE: Status.im 3","0","1","phish-hack"
"0x302897c5b95d7b1f8961b13e75c8424777c25add","Fake_Phishing2929","0","0","phish-hack"
"0x303345349da72a28d12d5515f145dd77cb84bacc","Fake_Phishing650","0","30","phish-hack"
"0x303581c37b0c4ad5493573f8e61ccea287448be6","Fake_Phishing1986","0.00021189","4","phish-hack"
"0x3047C9D8bA82571F147A8603909c6CC42Fc7cD6e","Fake_Phishing824","0","3","phish-hack"
"0x304d66005b5ad49f7ce54aceba9bbadb4a5774db","Fake_Phishing952","0","13","phish-hack"
"0x3063494a00b2fa9943d14753682dc3a63c15dd8a","Fake_Phishing4153","0.001488","9","phish-hack"
"0x30750b40e3bfe029d61a7693ad4ebc29fab11652","Fake_Phishing2664","0","16","phish-hack"
"0x30796a784073470dad22e6388ea12e048ebca4c6","Fake_Phishing2903","0","0","phish-hack"
"0x30842a003781ad62e51c2ca18a61a3c7ce018db2","Fake_Phishing3918","0","0","phish-hack"
"0x308bf26872d8b07bb1559d0908c7683e65d61d5c","Fake_Phishing3435","0","6","phish-hack"
"0x30957ecE5Fc9d82854C485d1e4A84152966bB0E6","Fake_Phishing1726","0.2","644","phish-hack"
"0x3095e50d8b6ecd80edc83943a19e00bf596e525f","Fake_Phishing2163","0.004139","2","phish-hack"
"0x309d92218640d631bfc0ea7feb7c95bfd69b66ac","Fake_Phishing3284","0","4","phish-hack"
"0x30be08E516b049AFeD7b35185497D9Ec8d430227","Fake_Phishing923","0","4","phish-hack"
"0x30dd4b66f6023e5896c066f82dc7628740a5aee3","Fake_Phishing3487","0","0","phish-hack"
"0x30e06718d0fa16189f7b899e6f7c05a07a3fc83f","Fake_Phishing4166","0","18","phish-hack"
"0x30fe607e1b776fca07a55b9b4a011ac248a51ac5","Fake_Phishing3815","0.00221251","9","phish-hack"
"0x311e8FBacC2EC05793e14319ef0006F7A7516CBa","Fake_Phishing1018","0","11","phish-hack"
"0x3132215a1298f645567f2309ccd64b1ef5edde30","Fake_Phishing2483","0","8","phish-hack"
"0x31504200fe6cd4f91d16ad05d178ec3ce2c5809c","Fake_Phishing3355","0","7","phish-hack"
"0x3157c0650bd0c85ca276318de70382f98be79490","Fake_Phishing2577","0","0","phish-hack"
"0x316b3b83c33b20249b61ded124f2620d8e823793","Fake_Phishing229","0.01","12","phish-hack"
"0x3171b40d92195d65a406f947daf0d5354a138fb3","Fake_Phishing1383","0","6","phish-hack"
"0x3198af8d57cba0ba93a7f861432f148b37c3af98","Scam: RHOC Token 9","0.00828648","11","phish-hack"
"0x319ce3233d17b45d49aaa9414f154832d0f9aa61","Fake_Phishing848","0","14","phish-hack"
"0x31a732f783baff201d7a1bf530e3411636e6df2d","Fake_Phishing2025","0","0","phish-hack"
"0x31e2f659e5371f95de47be79e1d5027caf0da39d","Fake_Phishing743","0.000082","3","phish-hack"
"0x31e437cfa7dd0c6bad194e4865c3696551715c4a","Fake_Phishing2201","0.00304564","4","phish-hack"
"0x31f530b58efa42dab4bd1789184b4cc6b884dea0","Fake_Phishing1937","0.00846303","37","phish-hack"
"0x31fca2139b07c2a97287de51f0219a34f4181710","Fake_Phishing2159","0","3","phish-hack"
"0x3219ebdcbc9f79f59c8c53105f3e74e0289f3ea9","Fake_Phishing670","0.00000219","2","phish-hack"
"0x3232d99007e509d29564099c622a89e143fdc05c","Fake_Phishing1956","0","21","phish-hack"
"0x324b38A61Fe8aAb275780d822f639d60BE6Caf93","Fake_Phishing1443","0","0","phish-hack"
"0x3258674d5eb5cfca42c18585b95fff50e098ebd4","Fake_Phishing2562","0.04978996","111","phish-hack"
"0x32672bd5f7f68ccae5e23986a11f89b51016145e","Fake_Phishing861","0.00520819","15","phish-hack"
"0x327c697c7c736964be8329fcb89de911989e4cb0","Fake_Phishing3513","0.0001415","6","phish-hack"
"0x32875b3b6cedf78743de48d4c5f5758a31d1b8ae","Fake_Phishing2935","0.01612748","14","phish-hack"
"0x32a4bbfa9f55cadeb0b8f33b2d9499c524987f40","Fake_Phishing3756","0","0","phish-hack"
"0x32AA5d54150640d56d93032BC409c48C60dd0107","Fake_Phishing302","0.10040285","75","phish-hack"
"0x32b7d2c82ee59ef18e1e17de43e1b9786b6a42bd","Fake_Phishing3177","0.01","33","phish-hack"
"0x32c648164d27a2fe26329bb0cff5c379cd1178f9","Fake_Phishing4008","0","0","phish-hack"
"0x32ea6b24675349edb6df2896457819289aad180e","Fake_Phishing1424","0.00674461","35","phish-hack"
"0x32f36ccecafa2fcea6020279572361d36d923764","Fake_Phishing2655","0","18","phish-hack"
"0x32F5891Eb94e7a1eBb06aDd32AcddAC95774316b","Fake_Phishing1429","0","0","phish-hack"
"0x330E6d6Cab1e721C528cb9d6ad997A38e140b1B9","Fake_Phishing532","0","0","phish-hack"
"0x3331656f7ac3a12ea5e71528b4c6889663c8d989","Fake_Phishing3210","0","3","phish-hack"
"0x3331f67f5b2544fb0f2d7c90f7b8109d24bf6e7c","Fake_Phishing2729","0.00057818","16","phish-hack"
"0x335e40277f127c620560faf1cfa001e5899864ad","Fake_Phishing2126","0","5","phish-hack"
"0x336a3f0c4d40b1e39cee72e2e59330daf484848c","Fake_Phishing1512","0.00066734","190","phish-hack"
"0x337C7361E523D792B7aC6Be7A67F5E51915F8Cc8","Fake_Phishing924","0","4","phish-hack"
"0x3389a9cacb4a3fdbe43db14d132b3f1e215a835d","Fake_Phishing1343","0","8","phish-hack"
"0x3397f1a3be3ac6b02e8b0aef8b89d21f7fdaf35b","Fake_Phishing2947","0","131","phish-hack"
"0x33afdd86b694d113ec4f8f1d55a284ebabec6081","Fake_Phishing3394","0","22","phish-hack"
"0x33bcCCB20Da8D1f1c95ec723111Ba7CA8a70ebf1","Fake_Phishing1467","0.00092105","6","phish-hack"
"0x33bf8bde242216da572d6486d641ae0a18137306","Fake_Phishing506","0","39","phish-hack"
"0x33cf1cee79766595db0270867b6b9feb8f30a01e","Fake_Phishing2452","0","0","phish-hack"
"0x33d262cbb8d4bcc568f7809230ecf609dd31d379","Fake_Phishing2884","0","30","phish-hack"
"0x33e5d6c0447ea731fe4e2502a881b90ee991cf3a","Fake_Phishing1602","17.03988257","8","phish-hack"
"0x33ed22f4b6b05f8a5faac4701550d52286bd735a","Fake_Phishing1701","0","57","phish-hack"
"0x33eecbeae0f3d3b74a5c50662f091ff439115981","Fake_Phishing2700","0","11","phish-hack"
"0x33f74739ce6be3b2c38af76f5adb3866cb4784c4","Fake_Phishing242","0.20446443","322","phish-hack"
"0x33f78579ce0e3a96ca53e8d38b2b624ec432662d","Fake_Phishing4414","0","6","phish-hack"
"0x3414801e9d6bdf352d4d21a30cbb9a178d28381f","Fake_Phishing2980","0.03929131","30","phish-hack"
"0x3422258c54c75b879ec7b2b1050186a2c0eb0ebd","Fake_Phishing2370","0","24","phish-hack"
"0x343a88ad3eb8c900b0b3b6935129a8bb0011a5e9","Fake_Phishing3659","0","0","phish-hack"
"0x344ddcdc306a75621866fd65619b5cfb329e1986","Fake_Phishing1661","0","6","phish-hack"
"0x345092a86c71a7f3a4efae41ddd6de67a6a13e10","Fake_Phishing3731","0","12","phish-hack"
"0x346B909240978658eC69C3f6E0D7CBeF50Bc3C79","Fake_Phishing1027","0","36","phish-hack"
"0x34743ffa1f93e745668725e44efeb3c50a237796","Fake_Phishing102","0.00096064","17","phish-hack"
"0x34959919244b18128d084834dba11f0c91732ede","Fake_Phishing159","0","81","phish-hack"
"0x34a7d1d88df5dc079aea794e10862add93ab1292","Fake_Phishing145","0","2","phish-hack"
"0x34b4da7b89f7d7055f8d42fa297b70963b4008df","Fake_Phishing659","0","24","phish-hack"
"0x34b6341655061f4b5830cd1a7b20a3516043af57","Fake_Phishing1564","0.015705","18","phish-hack"
"0x34bb6cf517abb83bfd8bc4e41ed899810ac49b58","Fake_Phishing1064","0","14","phish-hack"
"0x34c4c642187966641220f1ce15dd738691c4f1aa","Fake_Phishing1790","0","0","phish-hack"
"0x34c99a666a9e5f95b7076cdc92113174e4b351c5","Fake_Phishing1447","0","6","phish-hack"
"0x34d202c37f9609a3d0d44db259ff51bae8ea2d0f","Fake_Phishing1596","0.00015638","9","phish-hack"
"0x34d891216ca79efa979bb5c8ab321fd721e861cf","Fake_Phishing835","0","0","phish-hack"
"0x34eeA3e741F9A3e77fB34E0793B1AF36EDC2b0AE","Fake_Phishing581","0.00001546","50","phish-hack"
"0x35124e63425645e352b56a06482cea32bedec838","Fake_Phishing4212","0","2","phish-hack"
"0x352c94F714F5112e4DBA9F5C79689f8282a4B28d","Fake_Phishing884","0","20","phish-hack"
"0x35309e0e5e86902fbd53d2d0c2f25da9f3842db3","Fake_Phishing4187","0","5","phish-hack"
"0x3533104fd03ff652d7e041ec259080f75f243f3f","Fake_Phishing2275","0","0","phish-hack"
"0x354d4f3eb48be676a030f98e2a6c5bc06b96e249","Fake_Phishing110","0","34","phish-hack"
"0x356149c2eeb5aaa1030022d22134abed97bd496e","Fake_Phishing3947","0","0","phish-hack"
"0x35647d709bcd5b451f8c62228876975e8d31f85b","Fake_Phishing1393","0","4","phish-hack"
"0x356f1b9ac8dd5b38d3644b3696741355cda0a6e5","Fake_Phishing684","0.01669159","61","phish-hack"
"0x35810a676a84ec4db68c0a9286f7a740fda10b29","Fake_Phishing1908","0","12","phish-hack"
"0x358ad81db399b7601e8fcea1bfb01af31e646206","Fake_Phishing2636","243.95826083","4","phish-hack"
"0x358ef89b4d37f16002cc4a853b321daeee423519","Fake_Phishing445","0","87","phish-hack"
"0x35919ff0a88a0bdfd1b0ef3be574bcf6c1e90e01","Fake_Phishing1097","0.00583735","11","phish-hack"
"0x3595d24f7b4a48cb1c10af07ff8d31777104e171","Fake_Phishing3207","0","0","phish-hack"
"0x35a0d3ab1bdaa5de4466dac63eace2b6b2147538","Fake_Phishing4071","0","30","phish-hack"
"0x35a95d5f0c8f676bb7b2dab47d6368a4ad5cbf8a","Fake_Phishing4013","0","0","phish-hack"
"0x35aa21bbe598bb7782b97a6e3d1676b8d41c7a48","Fake_Phishing3667","0","102","phish-hack"
"0x35ac10fa8e4b2af244118dcdedd986fda2609970","Fake_Phishing3563","0","2","phish-hack"
"0x35ad1cb9a39de486cebcce3cf51661fd6c848193","Fake_Phishing797","0","4","phish-hack"
"0x35b62c8ab3c05ca5706c57cb8b79d79d7e23abbf","Fake_Phishing2052","0","0","phish-hack"
"0x35bf085175dc3e3f750bffa53711fb4acdbf2aed","Fake_Phishing2447","1","1","phish-hack"
"0x35f5c0656a70303f1ce82cdee9c00474be5015e6","Fake_Phishing3273","0","6","phish-hack"
"0x35f8753c2e492ae0200ddea40404f01178a7744a","Fake_Phishing2926","0","2","phish-hack"
"0x360a1a7917d606f08017401751b640e65586d5df","Fake_Phishing3083","0","17","phish-hack"
"0x36135FcF43E11083476e7e5Db980a3DDa184e270","Fake_Phishing1651","0","0","phish-hack"
"0x3614E0bba4679C95DAa45201821cD212f9164205","Fake_Phishing1011","0","4","phish-hack"
"0x36212ebb7513604F7dcF560908934EB49F9CC950","Fake_Phishing19","0","33","phish-hack"
"0x362291375bd3fc2ff0f928184bd6f373f92dea57","Fake_Phishing692","0.0005","1","phish-hack"
"0x362e792e91e091f37baf8027a5fbc4c91c1d254e","Fake_Phishing2175","0","0","phish-hack"
"0x362f1d7c705f0d8f38786b4d6efd6ecc54199be6","Fake_Phishing2365","0","2","phish-hack"
"0x3639b8B8edA816B2cb62b65159A183972a3cf863","Fake_Phishing194","0","11","phish-hack"
"0x36674c2c778f2820170595bdc69aa5ff6d0ba104","Fake_Phishing2912","0.00503157","9","phish-hack"
"0x36794518b3ef84c4b1a40af9540a03292f692c38","Fake_Phishing2780","0","1","phish-hack"
"0x3681828da105fc3c44e212f6c3dc51a0a5a6f5c6","Fake_Phishing36","0.0001","96","phish-hack"
"0x3683ed5a996c11d0eb4d47c9bff077772644ac62","Fake_Phishing1539","0","29","phish-hack"
"0x368b04c943161febd18aa596b657a8db22031957","Fake_Phishing4090","0","3","phish-hack"
"0x368be389ce940bf17c3296344086e368bc4c60f3","Fake_Phishing1082","0.00887549","16","phish-hack"
"0x36941838db0d292ff88496bf07495b15d8720552","Scam: Edgeless Token","0.00008533","15","phish-hack"
"0x36ac0e8e29ffbaee04d55c262f8cd52d227a1cb0","Fake_Phishing2070","0","0","phish-hack"
"0x36b64bb5b3850c1a412f422f36ab30c11b6b94b3","Fake_Phishing3793","10.98962964","19","phish-hack"
"0x36bb0e89f241370a01ef4a00df07577d499a94b9","Fake_Phishing241","0","22","phish-hack"
"0x36C22a0a2C7248B2B48BF105BFaF511c5BeB1DC8","Fake_Phishing1616","0","0","phish-hack"
"0x36d2dc663364f8eac6dd560ba7fc2adc56e6c87e","Fake_Phishing3198","0","34","phish-hack"
"0x36e1f590272965efabf6695a9c19ea2bedcdf202","Fake_Phishing3311","0","0","phish-hack"
"0x36ec53a8fba6358d59b3c4476d82cc60a2b0fad7","Fake_Phishing969","0.00001195","19","phish-hack"
"0x36f1E58458c073De491f4e0627140BcE19976Aa4","Fake_Phishing1520","0","0","phish-hack"
"0x3709066f0b665a458bae216996e58e39eaa4329c","Fake_Phishing3404","0","56","phish-hack"
"0x3715b1Ed9bbd5e165aF97619b5C5e13E39F55504","Fake_Phishing559","0","24","phish-hack"
"0x3731ee38b675d83b61cff716d4530cdd11f02812","Fake_Phishing4509","0","5","phish-hack"
"0x37761568af636f074595bce8ed20dd5b404ed798","Fake_Phishing635","0","19","phish-hack"
"0x3784d3526be7cf85b33203ed3cbc7ad0414b2d5b","Fake_Phishing2613","0.00558","2","phish-hack"
